[33m>[39m Building...
[32m√[39m Building...
[1mInitial chunk files[22m                  [2m | [22m[1mNames[22m                    [2m | [22m [1mRaw size[22m
[32mchunk-WI7DM2MA.js[39m                    [2m | [22m[2m-[22m                        [2m | [22m  [36m2.66 MB[39m[2m | [22m
[32mpolyfills.js[39m                         [2m | [22m[2mpolyfills[22m                [2m | [22m  [36m1.01 MB[39m[2m | [22m
[32mscripts.js[39m                           [2m | [22m[2mscripts[22m                  [2m | [22m[36m701.89 kB[39m[2m | [22m
[32mchunk-AD4WJUAE.js[39m                    [2m | [22m[2m-[22m                        [2m | [22m[36m495.94 kB[39m[2m | [22m
[32mstyles.css[39m                           [2m | [22m[2mstyles[22m                   [2m | [22m[36m410.82 kB[39m[2m | [22m
[32mchunk-I6UMER7T.js[39m                    [2m | [22m[2m-[22m                        [2m | [22m [36m93.53 kB[39m[2m | [22m
[32mchunk-7QWEOYVD.js[39m                    [2m | [22m[2m-[22m                        [2m | [22m [36m67.42 kB[39m[2m | [22m
[32mmain.js[39m                              [2m | [22m[2mmain[22m                     [2m | [22m [36m58.55 kB[39m[2m | [22m
[32mchunk-JT6AE5O2.js[39m                    [2m | [22m[2m-[22m                        [2m | [22m [36m33.23 kB[39m[2m | [22m
[32mchunk-SM5FBIUT.js[39m                    [2m | [22m[2m-[22m                        [2m | [22m [36m14.63 kB[39m[2m | [22m
[32mchunk-LBYFVCSH.js[39m                    [2m | [22m[2m-[22m                        [2m | [22m [36m13.92 kB[39m[2m | [22m
[32mchunk-5DZ3ETJD.js[39m                    [2m | [22m[2m-[22m                        [2m | [22m [36m13.79 kB[39m[2m | [22m
[32mchunk-VA7CVPUH.js[39m                    [2m | [22m[2m-[22m                        [2m | [22m [36m13.74 kB[39m[2m | [22m
[32mchunk-EEY2S7GH.js[39m                    [2m | [22m[2m-[22m                        [2m | [22m [36m13.27 kB[39m[2m | [22m
[32mchunk-RB3EKDX2.js[39m                    [2m | [22m[2m-[22m                        [2m | [22m [36m12.43 kB[39m[2m | [22m
[32mchunk-LBGD32QZ.js[39m                    [2m | [22m[2m-[22m                        [2m | [22m [36m11.34 kB[39m[2m | [22m
[32mchunk-4FKGZPMQ.js[39m                    [2m | [22m[2m-[22m                        [2m | [22m [36m11.31 kB[39m[2m | [22m
[32mchunk-AX4PRQ6A.js[39m                    [2m | [22m[2m-[22m                        [2m | [22m [36m10.65 kB[39m[2m | [22m
[32mchunk-ANB4IJV2.js[39m                    [2m | [22m[2m-[22m                        [2m | [22m [36m10.27 kB[39m[2m | [22m
[32mchunk-2BV23THQ.js[39m                    [2m | [22m[2m-[22m                        [2m | [22m  [36m7.48 kB[39m[2m | [22m
[32mchunk-S64MD3CY.js[39m                    [2m | [22m[2m-[22m                        [2m | [22m  [36m7.12 kB[39m[2m | [22m
[32mchunk-WUQPUS3P.js[39m                    [2m | [22m[2m-[22m                        [2m | [22m  [36m6.69 kB[39m[2m | [22m
[32mchunk-NXGMVRVU.js[39m                    [2m | [22m[2m-[22m                        [2m | [22m  [36m5.99 kB[39m[2m | [22m
[32mchunk-JSA7Y2FT.js[39m                    [2m | [22m[2m-[22m                        [2m | [22m  [36m5.80 kB[39m[2m | [22m
[32mchunk-TDUGMXRH.js[39m                    [2m | [22m[2m-[22m                        [2m | [22m  [36m5.67 kB[39m[2m | [22m
[32mchunk-SG6QXBAP.js[39m                    [2m | [22m[2m-[22m                        [2m | [22m  [36m5.06 kB[39m[2m | [22m
[32mchunk-SMQBWJQB.js[39m                    [2m | [22m[2m-[22m                        [2m | [22m  [36m4.34 kB[39m[2m | [22m
[32mchunk-EUPDG2LN.js[39m                    [2m | [22m[2m-[22m                        [2m | [22m  [36m4.18 kB[39m[2m | [22m
[32mchunk-XAGTJ2WY.js[39m                    [2m | [22m[2m-[22m                        [2m | [22m  [36m4.17 kB[39m[2m | [22m
[32mchunk-MXVJFRA5.js[39m                    [2m | [22m[2m-[22m                        [2m | [22m  [36m4.09 kB[39m[2m | [22m
[32mchunk-TL32TKLV.js[39m                    [2m | [22m[2m-[22m                        [2m | [22m  [36m3.28 kB[39m[2m | [22m
[32mchunk-SGT4JDO3.js[39m                    [2m | [22m[2m-[22m                        [2m | [22m  [36m3.21 kB[39m[2m | [22m
[32mchunk-W6ZNXFIA.js[39m                    [2m | [22m[2m-[22m                        [2m | [22m  [36m3.06 kB[39m[2m | [22m
[32mchunk-W5YXXGGX.js[39m                    [2m | [22m[2m-[22m                        [2m | [22m  [36m3.06 kB[39m[2m | [22m
[32mchunk-K5Z6AUGP.js[39m                    [2m | [22m[2m-[22m                        [2m | [22m  [36m3.03 kB[39m[2m | [22m
[32mchunk-7MAXPOLW.js[39m                    [2m | [22m[2m-[22m                        [2m | [22m  [36m2.70 kB[39m[2m | [22m
[32mchunk-IMBLQMF3.js[39m                    [2m | [22m[2m-[22m                        [2m | [22m  [36m2.56 kB[39m[2m | [22m
[32mchunk-K6IZVR5Y.js[39m                    [2m | [22m[2m-[22m                        [2m | [22m  [36m2.11 kB[39m[2m | [22m
[32mchunk-ALYAWXAU.js[39m                    [2m | [22m[2m-[22m                        [2m | [22m  [36m1.83 kB[39m[2m | [22m
[32mchunk-EKCTWOAQ.js[39m                    [2m | [22m[2m-[22m                        [2m | [22m  [36m1.74 kB[39m[2m | [22m
[32mchunk-URZEPLDT.js[39m                    [2m | [22m[2m-[22m                        [2m | [22m  [36m1.66 kB[39m[2m | [22m
[32mchunk-Y5RQAIA6.js[39m                    [2m | [22m[2m-[22m                        [2m | [22m  [36m1.50 kB[39m[2m | [22m
[32mchunk-UVVA74QP.js[39m                    [2m | [22m[2m-[22m                        [2m | [22m  [36m1.46 kB[39m[2m | [22m
[32mchunk-X3RB2PVH.js[39m                    [2m | [22m[2m-[22m                        [2m | [22m  [36m1.32 kB[39m[2m | [22m
[32mchunk-NODZ7BK6.js[39m                    [2m | [22m[2m-[22m                        [2m | [22m  [36m1.16 kB[39m[2m | [22m
[32mchunk-FOTAP6BQ.js[39m                    [2m | [22m[2m-[22m                        [2m | [22m  [36m1.10 kB[39m[2m | [22m
[32mchunk-QBRQFUGP.js[39m                    [2m | [22m[2m-[22m                        [2m | [22m  [36m1.02 kB[39m[2m | [22m
[32mchunk-C43AJYUM.js[39m                    [2m | [22m[2m-[22m                        [2m | [22m[36m930 bytes[39m[2m | [22m
[32mchunk-LJ5UIWCF.js[39m                    [2m | [22m[2m-[22m                        [2m | [22m[36m876 bytes[39m[2m | [22m
[32mchunk-LDKSJYX7.js[39m                    [2m | [22m[2m-[22m                        [2m | [22m[36m860 bytes[39m[2m | [22m

[1m [22m                                    [2m | [22m[1mInitial total[22m            [2m | [22m  [1m5.76 MB[22m

[1mLazy chunk files[22m                     [2m | [22m[1mNames[22m                    [2m | [22m [1mRaw size[22m
[32mtransaction.module-7Z62HZLL.js[39m       [2m | [22m[2mtransaction-module[22m       [2m | [22m[36m435.31 kB[39m[2m | [22m
[32mrestaurant.module-ZAYRONWD.js[39m        [2m | [22m[2mrestaurant-module[22m        [2m | [22m[36m417.27 kB[39m[2m | [22m
[32mpurchase.module-VZEBC5XV.js[39m          [2m | [22m[2mpurchase-module[22m          [2m | [22m[36m298.71 kB[39m[2m | [22m
[32maccounting.module-LB5SKJL7.js[39m        [2m | [22m[2maccounting-module[22m        [2m | [22m[36m274.87 kB[39m[2m | [22m
[32msales.module-C2H76DB2.js[39m             [2m | [22m[2msales-module[22m             [2m | [22m[36m241.18 kB[39m[2m | [22m
[32mchunk-TCWK4RCE.js[39m                    [2m | [22m[2m-[22m                        [2m | [22m[36m233.36 kB[39m[2m | [22m
[32mreports.module-OU3GB6GT.js[39m           [2m | [22m[2mreports-module[22m           [2m | [22m[36m221.28 kB[39m[2m | [22m
[32minventory.module-LNQL7HFI.js[39m         [2m | [22m[2minventory-module[22m         [2m | [22m[36m179.81 kB[39m[2m | [22m
[32mchunk-JK6OR6FK.js[39m                    [2m | [22m[2m-[22m                        [2m | [22m[36m151.17 kB[39m[2m | [22m
[32mfinancialStatement.module-UO7RHLN5.js[39m[2m | [22m[2mfinancialStatement-module[22m[2m | [22m[36m147.23 kB[39m[2m | [22m
[32mchunk-YFOQAA47.js[39m                    [2m | [22m[2m-[22m                        [2m | [22m[36m138.71 kB[39m[2m | [22m
[32mchunk-GPAQZXG5.js[39m                    [2m | [22m[2m-[22m                        [2m | [22m[36m104.80 kB[39m[2m | [22m
[32mtax-report.module-KDROCXQN.js[39m        [2m | [22m[2mtax-report-module[22m        [2m | [22m [36m96.40 kB[39m[2m | [22m
[32mchunk-I427FOEG.js[39m                    [2m | [22m[2m-[22m                        [2m | [22m [36m80.37 kB[39m[2m | [22m
[32mchunk-74Z4NB4A.js[39m                    [2m | [22m[2m-[22m                        [2m | [22m [36m78.35 kB[39m[2m | [22m
[2m...and 157 more lazy chunks files. Use "--verbose" to show all the files.[22m

Application bundle generation complete. [11.123 seconds] - 2026-06-19T13:47:22.145Z

Watch mode enabled. Watching for file changes...
NOTE: Raw file sizes do not reflect development server per-request transformations.
  [32m➜[39m  [1mLocal[22m:   [36mhttp://localhost:[1m4500[22m/[39m
  [32m➜[39m  [1mNetwork[22m: [36mhttp://192.168.1.101:[1m4500[22m/[39m
[33m>[39m Changes detected. Rebuilding...
[32m√[39m Changes detected. Rebuilding...
[1mInitial chunk files[22m                  [2m | [22m[1mNames[22m                    [2m | [22m [1mRaw size[22m
[32mchunk-CCQR6FZ6.js[39m                    [2m | [22m[2m-[22m                        [2m | [22m[36m495.94 kB[39m[2m | [22m
[32mmain.js[39m                              [2m | [22m[2mmain[22m                     [2m | [22m [36m58.55 kB[39m[2m | [22m
[32mchunk-5VQRDRYQ.js[39m                    [2m | [22m[2m-[22m                        [2m | [22m [36m33.50 kB[39m[2m | [22m
[32mchunk-RY6JQVPB.js[39m                    [2m | [22m[2m-[22m                        [2m | [22m [36m13.74 kB[39m[2m | [22m
[32mchunk-5XCTWRZC.js[39m                    [2m | [22m[2m-[22m                        [2m | [22m [36m13.27 kB[39m[2m | [22m
[32mchunk-QBD4OV5Q.js[39m                    [2m | [22m[2m-[22m                        [2m | [22m  [36m1.32 kB[39m[2m | [22m

[1mLazy chunk files[22m                     [2m | [22m[1mNames[22m                    [2m | [22m [1mRaw size[22m
[32mtransaction.module-CIZXQGXJ.js[39m       [2m | [22m[2mtransaction-module[22m       [2m | [22m[36m435.31 kB[39m[2m | [22m
[32mrestaurant.module-GQ5UAA4I.js[39m        [2m | [22m[2mrestaurant-module[22m        [2m | [22m[36m417.27 kB[39m[2m | [22m
[32mpurchase.module-26MJJ45I.js[39m          [2m | [22m[2mpurchase-module[22m          [2m | [22m[36m298.71 kB[39m[2m | [22m
[32maccounting.module-AU7JGGPW.js[39m        [2m | [22m[2maccounting-module[22m        [2m | [22m[36m274.87 kB[39m[2m | [22m
[32msales.module-L6UEJY3T.js[39m             [2m | [22m[2msales-module[22m             [2m | [22m[36m241.18 kB[39m[2m | [22m
[32mreports.module-ERR6Q7EW.js[39m           [2m | [22m[2mreports-module[22m           [2m | [22m[36m221.28 kB[39m[2m | [22m
[32minventory.module-ILG6H22Z.js[39m         [2m | [22m[2minventory-module[22m         [2m | [22m[36m179.81 kB[39m[2m | [22m
[32mchunk-YGEQZGOZ.js[39m                    [2m | [22m[2m-[22m                        [2m | [22m[36m151.17 kB[39m[2m | [22m
[32mfinancialStatement.module-D5675LPN.js[39m[2m | [22m[2mfinancialStatement-module[22m[2m | [22m[36m147.23 kB[39m[2m | [22m
[32mtax-report.module-Z4F3F7NN.js[39m        [2m | [22m[2mtax-report-module[22m        [2m | [22m [36m96.40 kB[39m[2m | [22m
[32maudit-logs.module-5SXMELEP.js[39m        [2m | [22m[2maudit-logs-module[22m        [2m | [22m [36m58.39 kB[39m[2m | [22m
[32meditions.module-OLQUDLIJ.js[39m          [2m | [22m[2meditions-module[22m          [2m | [22m [36m50.43 kB[39m[2m | [22m
[32mlanguage-texts.module-LDABXAGM.js[39m    [2m | [22m[2mlanguage-texts-module[22m    [2m | [22m [36m26.18 kB[39m[2m | [22m
[32mlanguages.module-BJQOD3DA.js[39m         [2m | [22m[2mlanguages-module[22m         [2m | [22m [36m22.00 kB[39m[2m | [22m
[32minstall.module-ITHHQLRV.js[39m           [2m | [22m[2minstall-module[22m           [2m | [22m [36m18.75 kB[39m[2m | [22m
[2m...and 55 more lazy chunks files. Use "--verbose" to show all the files.[22m

Application bundle generation complete. [1.339 seconds] - 2026-06-19T13:47:24.457Z

Page reload sent to client(s).
[33m>[39m Changes detected. Rebuilding...
[32m√[39m Changes detected. Rebuilding...
[1mInitial chunk files[22m          [2m | [22m[1mNames[22m            [2m | [22m [1mRaw size[22m
[32mmain.js[39m                      [2m | [22m[2mmain[22m             [2m | [22m [36m58.55 kB[39m[2m | [22m

[1mLazy chunk files[22m             [2m | [22m[1mNames[22m            [2m | [22m [1mRaw size[22m
[32mrestaurant.module-GEFHRGKZ.js[39m[2m | [22m[2mrestaurant-module[22m[2m | [22m[36m417.50 kB[39m[2m | [22m
[32mmain.module-WEX3E4UI.js[39m      [2m | [22m[2mmain-module[22m      [2m | [22m  [36m5.99 kB[39m[2m | [22m

Application bundle generation complete. [1.001 seconds] - 2026-06-19T13:47:31.399Z

Page reload sent to client(s).
[33m>[39m Changes detected. Rebuilding...
[32m√[39m Changes detected. Rebuilding...
[1mInitial chunk files[22m          [2m | [22m[1mNames[22m            [2m | [22m [1mRaw size[22m
[32mmain.js[39m                      [2m | [22m[2mmain[22m             [2m | [22m [36m58.55 kB[39m[2m | [22m

[1mLazy chunk files[22m             [2m | [22m[1mNames[22m            [2m | [22m [1mRaw size[22m
[32mrestaurant.module-V5EPDPA4.js[39m[2m | [22m[2mrestaurant-module[22m[2m | [22m[36m417.74 kB[39m[2m | [22m
[32mmain.module-THTDZU7E.js[39m      [2m | [22m[2mmain-module[22m      [2m | [22m  [36m5.99 kB[39m[2m | [22m

Application bundle generation complete. [0.940 seconds] - 2026-06-19T13:47:37.316Z

Page reload sent to client(s).
[33m>[39m Changes detected. Rebuilding...
[32m√[39m Changes detected. Rebuilding...
[1mInitial chunk files[22m          [2m | [22m[1mNames[22m            [2m | [22m [1mRaw size[22m
[32mmain.js[39m                      [2m | [22m[2mmain[22m             [2m | [22m [36m58.55 kB[39m[2m | [22m

[1mLazy chunk files[22m             [2m | [22m[1mNames[22m            [2m | [22m [1mRaw size[22m
[32mrestaurant.module-XGVVS4LC.js[39m[2m | [22m[2mrestaurant-module[22m[2m | [22m[36m417.97 kB[39m[2m | [22m
[32mmain.module-SWEEQSY2.js[39m      [2m | [22m[2mmain-module[22m      [2m | [22m  [36m5.99 kB[39m[2m | [22m

Application bundle generation complete. [1.181 seconds] - 2026-06-19T13:47:43.286Z

Page reload sent to client(s).
[33m>[39m Changes detected. Rebuilding...
[32m√[39m Changes detected. Rebuilding...
[1mInitial chunk files[22m          [2m | [22m[1mNames[22m            [2m | [22m [1mRaw size[22m
[32mmain.js[39m                      [2m | [22m[2mmain[22m             [2m | [22m [36m58.55 kB[39m[2m | [22m

[1mLazy chunk files[22m             [2m | [22m[1mNames[22m            [2m | [22m [1mRaw size[22m
[32mrestaurant.module-QL2FSHTJ.js[39m[2m | [22m[2mrestaurant-module[22m[2m | [22m[36m418.20 kB[39m[2m | [22m
[32mmain.module-CTMZUAQA.js[39m      [2m | [22m[2mmain-module[22m      [2m | [22m  [36m5.99 kB[39m[2m | [22m

Application bundle generation complete. [0.998 seconds] - 2026-06-19T13:47:48.577Z

Page reload sent to client(s).
[33m>[39m Changes detected. Rebuilding...
[32m√[39m Changes detected. Rebuilding...
[1mInitial chunk files[22m          [2m | [22m[1mNames[22m            [2m | [22m [1mRaw size[22m
[32mmain.js[39m                      [2m | [22m[2mmain[22m             [2m | [22m [36m58.55 kB[39m[2m | [22m

[1mLazy chunk files[22m             [2m | [22m[1mNames[22m            [2m | [22m [1mRaw size[22m
[32mrestaurant.module-ZQL7FDBL.js[39m[2m | [22m[2mrestaurant-module[22m[2m | [22m[36m418.44 kB[39m[2m | [22m
[32mmain.module-OSLEV5MX.js[39m      [2m | [22m[2mmain-module[22m      [2m | [22m  [36m5.99 kB[39m[2m | [22m

Application bundle generation complete. [0.926 seconds] - 2026-06-19T13:47:54.692Z

Page reload sent to client(s).
[33m>[39m Changes detected. Rebuilding...
[32m√[39m Changes detected. Rebuilding...
[1mInitial chunk files[22m          [2m | [22m[1mNames[22m            [2m | [22m [1mRaw size[22m
[32mmain.js[39m                      [2m | [22m[2mmain[22m             [2m | [22m [36m58.55 kB[39m[2m | [22m

[1mLazy chunk files[22m             [2m | [22m[1mNames[22m            [2m | [22m [1mRaw size[22m
[32mrestaurant.module-ELQ42UDQ.js[39m[2m | [22m[2mrestaurant-module[22m[2m | [22m[36m418.67 kB[39m[2m | [22m
[32mmain.module-3U7VH3NG.js[39m      [2m | [22m[2mmain-module[22m      [2m | [22m  [36m5.99 kB[39m[2m | [22m

Application bundle generation complete. [0.930 seconds] - 2026-06-19T13:48:02.868Z

Page reload sent to client(s).
[33m>[39m Changes detected. Rebuilding...
[32m√[39m Changes detected. Rebuilding...
[1mInitial chunk files[22m    [2m | [22m[1mNames[22m      [2m | [22m[1mRaw size[22m
[32mmain.js[39m                [2m | [22m[2mmain[22m       [2m | [22m[36m58.56 kB[39m[2m | [22m

[1mLazy chunk files[22m       [2m | [22m[1mNames[22m      [2m | [22m[1mRaw size[22m
[32mmain.module-TD3T6EXM.js[39m[2m | [22m[2mmain-module[22m[2m | [22m [36m6.00 kB[39m[2m | [22m

Application bundle generation complete. [1.498 seconds] - 2026-06-19T14:02:17.064Z

Page reload sent to client(s).
[33m>[39m Changes detected. Rebuilding...
[32m√[39m Changes detected. Rebuilding...
[1mInitial chunk files[22m                  [2m | [22m[1mNames[22m                    [2m | [22m [1mRaw size[22m
[32mchunk-7MIKHTCU.js[39m                    [2m | [22m[2m-[22m                        [2m | [22m[36m495.94 kB[39m[2m | [22m
[32mmain.js[39m                              [2m | [22m[2mmain[22m                     [2m | [22m [36m58.56 kB[39m[2m | [22m
[32mchunk-MVJQ573G.js[39m                    [2m | [22m[2m-[22m                        [2m | [22m [36m33.50 kB[39m[2m | [22m
[32mchunk-XWSCMJST.js[39m                    [2m | [22m[2m-[22m                        [2m | [22m [36m13.74 kB[39m[2m | [22m
[32mchunk-VTOWUKGI.js[39m                    [2m | [22m[2m-[22m                        [2m | [22m [36m13.27 kB[39m[2m | [22m
[32mchunk-NADJZCOQ.js[39m                    [2m | [22m[2m-[22m                        [2m | [22m  [36m1.32 kB[39m[2m | [22m

[1mLazy chunk files[22m                     [2m | [22m[1mNames[22m                    [2m | [22m [1mRaw size[22m
[32mtransaction.module-YSOJO7QA.js[39m       [2m | [22m[2mtransaction-module[22m       [2m | [22m[36m435.31 kB[39m[2m | [22m
[32mrestaurant.module-5BN2NXGE.js[39m        [2m | [22m[2mrestaurant-module[22m        [2m | [22m[36m418.67 kB[39m[2m | [22m
[32mpurchase.module-DYY53TDJ.js[39m          [2m | [22m[2mpurchase-module[22m          [2m | [22m[36m298.71 kB[39m[2m | [22m
[32maccounting.module-BYUWR7W4.js[39m        [2m | [22m[2maccounting-module[22m        [2m | [22m[36m274.87 kB[39m[2m | [22m
[32msales.module-ENYT3HN3.js[39m             [2m | [22m[2msales-module[22m             [2m | [22m[36m241.18 kB[39m[2m | [22m
[32mreports.module-LUTWMBAC.js[39m           [2m | [22m[2mreports-module[22m           [2m | [22m[36m221.28 kB[39m[2m | [22m
[32minventory.module-INNDE5SD.js[39m         [2m | [22m[2minventory-module[22m         [2m | [22m[36m179.81 kB[39m[2m | [22m
[32mchunk-3HE6XGLU.js[39m                    [2m | [22m[2m-[22m                        [2m | [22m[36m151.17 kB[39m[2m | [22m
[32mfinancialStatement.module-BL3F7GTK.js[39m[2m | [22m[2mfinancialStatement-module[22m[2m | [22m[36m147.23 kB[39m[2m | [22m
[32mtax-report.module-JUMJ3OCU.js[39m        [2m | [22m[2mtax-report-module[22m        [2m | [22m [36m96.40 kB[39m[2m | [22m
[32maudit-logs.module-5DFKWIGP.js[39m        [2m | [22m[2maudit-logs-module[22m        [2m | [22m [36m58.39 kB[39m[2m | [22m
[32meditions.module-DRWFIPLU.js[39m          [2m | [22m[2meditions-module[22m          [2m | [22m [36m50.43 kB[39m[2m | [22m
[32mlanguage-texts.module-FVH7AP2Z.js[39m    [2m | [22m[2mlanguage-texts-module[22m    [2m | [22m [36m26.18 kB[39m[2m | [22m
[32mlanguages.module-SHPUZ35K.js[39m         [2m | [22m[2mlanguages-module[22m         [2m | [22m [36m22.00 kB[39m[2m | [22m
[32minstall.module-I6HN2RVC.js[39m           [2m | [22m[2minstall-module[22m           [2m | [22m [36m18.75 kB[39m[2m | [22m
[2m...and 55 more lazy chunks files. Use "--verbose" to show all the files.[22m

Application bundle generation complete. [1.217 seconds] - 2026-06-19T14:02:51.193Z

Page reload sent to client(s).
[33m>[39m Changes detected. Rebuilding...
[32m√[39m Changes detected. Rebuilding...
Application bundle generation failed. [7.334 seconds] - 2026-06-19T14:17:36.956Z

[33m>[39m Changes detected. Rebuilding...
[32m√[39m Changes detected. Rebuilding...
[1mInitial chunk files[22m                  [2m | [22m[1mNames[22m                    [2m | [22m [1mRaw size[22m
[32mchunk-2XAJFWCJ.js[39m                    [2m | [22m[2m-[22m                        [2m | [22m  [36m2.84 MB[39m[2m | [22m
[32mpolyfills.js[39m                         [2m | [22m[2mpolyfills[22m                [2m | [22m  [36m1.01 MB[39m[2m | [22m
[32mscripts.js[39m                           [2m | [22m[2mscripts[22m                  [2m | [22m[36m701.89 kB[39m[2m | [22m
[32mchunk-CD2WEVBJ.js[39m                    [2m | [22m[2m-[22m                        [2m | [22m[36m495.94 kB[39m[2m | [22m
[32mstyles.css[39m                           [2m | [22m[2mstyles[22m                   [2m | [22m[36m410.82 kB[39m[2m | [22m
[32mchunk-I6UMER7T.js[39m                    [2m | [22m[2m-[22m                        [2m | [22m [36m93.53 kB[39m[2m | [22m
[32mchunk-SATFBKCE.js[39m                    [2m | [22m[2m-[22m                        [2m | [22m [36m67.42 kB[39m[2m | [22m
[32mmain.js[39m                              [2m | [22m[2mmain[22m                     [2m | [22m [36m58.56 kB[39m[2m | [22m
[32mchunk-PN2MFUUD.js[39m                    [2m | [22m[2m-[22m                        [2m | [22m [36m33.50 kB[39m[2m | [22m
[32mchunk-NZVV5FP4.js[39m                    [2m | [22m[2m-[22m                        [2m | [22m [36m14.63 kB[39m[2m | [22m
[32mchunk-J4FXHAJ5.js[39m                    [2m | [22m[2m-[22m                        [2m | [22m [36m13.92 kB[39m[2m | [22m
[32mchunk-PCCCUJIQ.js[39m                    [2m | [22m[2m-[22m                        [2m | [22m [36m13.79 kB[39m[2m | [22m
[32mchunk-IRIGLNNU.js[39m                    [2m | [22m[2m-[22m                        [2m | [22m [36m13.74 kB[39m[2m | [22m
[32mchunk-574EJIBB.js[39m                    [2m | [22m[2m-[22m                        [2m | [22m [36m13.27 kB[39m[2m | [22m
[32mchunk-NJICGEGX.js[39m                    [2m | [22m[2m-[22m                        [2m | [22m [36m12.43 kB[39m[2m | [22m
[32mchunk-STK2UIYS.js[39m                    [2m | [22m[2m-[22m                        [2m | [22m [36m11.34 kB[39m[2m | [22m
[32mchunk-4FKGZPMQ.js[39m                    [2m | [22m[2m-[22m                        [2m | [22m [36m11.31 kB[39m[2m | [22m
[32mchunk-EGGKOMBU.js[39m                    [2m | [22m[2m-[22m                        [2m | [22m [36m10.65 kB[39m[2m | [22m
[32mchunk-YB2S6EEF.js[39m                    [2m | [22m[2m-[22m                        [2m | [22m [36m10.27 kB[39m[2m | [22m
[32mchunk-RIPOOP5L.js[39m                    [2m | [22m[2m-[22m                        [2m | [22m  [36m7.48 kB[39m[2m | [22m
[32mchunk-B7775FBK.js[39m                    [2m | [22m[2m-[22m                        [2m | [22m  [36m7.12 kB[39m[2m | [22m
[32mchunk-RNDKRCXA.js[39m                    [2m | [22m[2m-[22m                        [2m | [22m  [36m6.69 kB[39m[2m | [22m
[32mchunk-SLK7JUUG.js[39m                    [2m | [22m[2m-[22m                        [2m | [22m  [36m5.99 kB[39m[2m | [22m
[32mchunk-ZJ3DLJIR.js[39m                    [2m | [22m[2m-[22m                        [2m | [22m  [36m5.80 kB[39m[2m | [22m
[32mchunk-TDUGMXRH.js[39m                    [2m | [22m[2m-[22m                        [2m | [22m  [36m5.67 kB[39m[2m | [22m
[32mchunk-SG6QXBAP.js[39m                    [2m | [22m[2m-[22m                        [2m | [22m  [36m5.06 kB[39m[2m | [22m
[32mchunk-UJNVKZCW.js[39m                    [2m | [22m[2m-[22m                        [2m | [22m  [36m4.34 kB[39m[2m | [22m
[32mchunk-IWYQFQNN.js[39m                    [2m | [22m[2m-[22m                        [2m | [22m  [36m4.18 kB[39m[2m | [22m
[32mchunk-XAGTJ2WY.js[39m                    [2m | [22m[2m-[22m                        [2m | [22m  [36m4.17 kB[39m[2m | [22m
[32mchunk-MXVJFRA5.js[39m                    [2m | [22m[2m-[22m                        [2m | [22m  [36m4.09 kB[39m[2m | [22m
[32mchunk-ZIWCTVK6.js[39m                    [2m | [22m[2m-[22m                        [2m | [22m  [36m3.28 kB[39m[2m | [22m
[32mchunk-3LM2XRQ4.js[39m                    [2m | [22m[2m-[22m                        [2m | [22m  [36m3.21 kB[39m[2m | [22m
[32mchunk-JILVYBKS.js[39m                    [2m | [22m[2m-[22m                        [2m | [22m  [36m3.06 kB[39m[2m | [22m
[32mchunk-W5YXXGGX.js[39m                    [2m | [22m[2m-[22m                        [2m | [22m  [36m3.06 kB[39m[2m | [22m
[32mchunk-JBBF53FY.js[39m                    [2m | [22m[2m-[22m                        [2m | [22m  [36m3.03 kB[39m[2m | [22m
[32mchunk-R7EZS4GH.js[39m                    [2m | [22m[2m-[22m                        [2m | [22m  [36m2.70 kB[39m[2m | [22m
[32mchunk-56WWDTIP.js[39m                    [2m | [22m[2m-[22m                        [2m | [22m  [36m2.56 kB[39m[2m | [22m
[32mchunk-K6IZVR5Y.js[39m                    [2m | [22m[2m-[22m                        [2m | [22m  [36m2.11 kB[39m[2m | [22m
[32mchunk-ALYAWXAU.js[39m                    [2m | [22m[2m-[22m                        [2m | [22m  [36m1.83 kB[39m[2m | [22m
[32mchunk-FQDI6MDP.js[39m                    [2m | [22m[2m-[22m                        [2m | [22m  [36m1.74 kB[39m[2m | [22m
[32mchunk-URZEPLDT.js[39m                    [2m | [22m[2m-[22m                        [2m | [22m  [36m1.66 kB[39m[2m | [22m
[32mchunk-Y5RQAIA6.js[39m                    [2m | [22m[2m-[22m                        [2m | [22m  [36m1.50 kB[39m[2m | [22m
[32mchunk-VGYTUAKL.js[39m                    [2m | [22m[2m-[22m                        [2m | [22m  [36m1.46 kB[39m[2m | [22m
[32mchunk-7EAPHRDJ.js[39m                    [2m | [22m[2m-[22m                        [2m | [22m  [36m1.32 kB[39m[2m | [22m
[32mchunk-NODZ7BK6.js[39m                    [2m | [22m[2m-[22m                        [2m | [22m  [36m1.16 kB[39m[2m | [22m
[32mchunk-UGSRLVD6.js[39m                    [2m | [22m[2m-[22m                        [2m | [22m  [36m1.10 kB[39m[2m | [22m
[32mchunk-QBRQFUGP.js[39m                    [2m | [22m[2m-[22m                        [2m | [22m  [36m1.02 kB[39m[2m | [22m
[32mchunk-C43AJYUM.js[39m                    [2m | [22m[2m-[22m                        [2m | [22m[36m930 bytes[39m[2m | [22m
[32mchunk-LJ5UIWCF.js[39m                    [2m | [22m[2m-[22m                        [2m | [22m[36m876 bytes[39m[2m | [22m
[32mchunk-R5CRZA2J.js[39m                    [2m | [22m[2m-[22m                        [2m | [22m[36m860 bytes[39m[2m | [22m

[1m [22m                                    [2m | [22m[1mInitial total[22m            [2m | [22m  [1m5.94 MB[22m

[1mLazy chunk files[22m                     [2m | [22m[1mNames[22m                    [2m | [22m [1mRaw size[22m
[32mtransaction.module-XCYLEGBY.js[39m       [2m | [22m[2mtransaction-module[22m       [2m | [22m[36m435.31 kB[39m[2m | [22m
[32mrestaurant.module-JUMORXO2.js[39m        [2m | [22m[2mrestaurant-module[22m        [2m | [22m[36m418.67 kB[39m[2m | [22m
[32mpurchase.module-HO4DUY4S.js[39m          [2m | [22m[2mpurchase-module[22m          [2m | [22m[36m298.71 kB[39m[2m | [22m
[32maccounting.module-C2QS5ZAB.js[39m        [2m | [22m[2maccounting-module[22m        [2m | [22m[36m274.87 kB[39m[2m | [22m
[32msales.module-UMA7QB2U.js[39m             [2m | [22m[2msales-module[22m             [2m | [22m[36m241.18 kB[39m[2m | [22m
[32mchunk-VT2AE3XS.js[39m                    [2m | [22m[2m-[22m                        [2m | [22m[36m233.36 kB[39m[2m | [22m
[32mreports.module-L77QHF7K.js[39m           [2m | [22m[2mreports-module[22m           [2m | [22m[36m221.28 kB[39m[2m | [22m
[32minventory.module-JPQL6JKK.js[39m         [2m | [22m[2minventory-module[22m         [2m | [22m[36m179.81 kB[39m[2m | [22m
[32mchunk-AR4JMAUW.js[39m                    [2m | [22m[2m-[22m                        [2m | [22m[36m151.17 kB[39m[2m | [22m
[32mfinancialStatement.module-ZBCFBG7U.js[39m[2m | [22m[2mfinancialStatement-module[22m[2m | [22m[36m147.23 kB[39m[2m | [22m
[32mchunk-2YATGIVM.js[39m                    [2m | [22m[2m-[22m                        [2m | [22m[36m138.71 kB[39m[2m | [22m
[32mchunk-36XVQ4KU.js[39m                    [2m | [22m[2m-[22m                        [2m | [22m[36m104.80 kB[39m[2m | [22m
[32mtax-report.module-CAJYVFR7.js[39m        [2m | [22m[2mtax-report-module[22m        [2m | [22m [36m96.40 kB[39m[2m | [22m
[32mchunk-MHJ7F6DV.js[39m                    [2m | [22m[2m-[22m                        [2m | [22m [36m80.37 kB[39m[2m | [22m
[32mchunk-6O6JX2UU.js[39m                    [2m | [22m[2m-[22m                        [2m | [22m [36m78.35 kB[39m[2m | [22m
[2m...and 157 more lazy chunks files. Use "--verbose" to show all the files.[22m

Application bundle generation complete. [1.641 seconds] - 2026-06-19T14:18:29.540Z

Page reload sent to client(s).
[33m>[39m Changes detected. Rebuilding...
[32m√[39m Changes detected. Rebuilding...
Application bundle generation failed. [10.847 seconds] - 2026-06-19T22:55:13.440Z

[33m>[39m Changes detected. Rebuilding...
[32m√[39m Changes detected. Rebuilding...
Application bundle generation failed. [5.066 seconds] - 2026-06-19T22:55:26.575Z

[33m>[39m Changes detected. Rebuilding...
[32m√[39m Changes detected. Rebuilding...
Application bundle generation failed. [3.966 seconds] - 2026-06-19T22:55:42.996Z

[33m>[39m Changes detected. Rebuilding...
[32m√[39m Changes detected. Rebuilding...
Application bundle generation failed. [12.932 seconds] - 2026-06-19T22:56:11.802Z

[33m>[39m Changes detected. Rebuilding...
[32m√[39m Changes detected. Rebuilding...
Application bundle generation failed. [4.422 seconds] - 2026-06-19T22:56:38.308Z

[33m>[39m Changes detected. Rebuilding...
[32m√[39m Changes detected. Rebuilding...
[1mInitial chunk files[22m                  [2m | [22m[1mNames[22m                    [2m | [22m [1mRaw size[22m
[32mchunk-Y7MZLIVA.js[39m                    [2m | [22m[2m-[22m                        [2m | [22m  [36m2.85 MB[39m[2m | [22m
[32mpolyfills.js[39m                         [2m | [22m[2mpolyfills[22m                [2m | [22m  [36m1.01 MB[39m[2m | [22m
[32mscripts.js[39m                           [2m | [22m[2mscripts[22m                  [2m | [22m[36m701.89 kB[39m[2m | [22m
[32mchunk-IROBCS7H.js[39m                    [2m | [22m[2m-[22m                        [2m | [22m[36m495.94 kB[39m[2m | [22m
[32mstyles.css[39m                           [2m | [22m[2mstyles[22m                   [2m | [22m[36m410.82 kB[39m[2m | [22m
[32mchunk-I6UMER7T.js[39m                    [2m | [22m[2m-[22m                        [2m | [22m [36m93.53 kB[39m[2m | [22m
[32mchunk-BJSMIH6W.js[39m                    [2m | [22m[2m-[22m                        [2m | [22m [36m67.42 kB[39m[2m | [22m
[32mmain.js[39m                              [2m | [22m[2mmain[22m                     [2m | [22m [36m58.56 kB[39m[2m | [22m
[32mchunk-DT56ZLRC.js[39m                    [2m | [22m[2m-[22m                        [2m | [22m [36m33.50 kB[39m[2m | [22m
[32mchunk-GA4RDGLJ.js[39m                    [2m | [22m[2m-[22m                        [2m | [22m [36m14.63 kB[39m[2m | [22m
[32mchunk-CWJJ2KOR.js[39m                    [2m | [22m[2m-[22m                        [2m | [22m [36m13.92 kB[39m[2m | [22m
[32mchunk-2HNSJ53M.js[39m                    [2m | [22m[2m-[22m                        [2m | [22m [36m13.79 kB[39m[2m | [22m
[32mchunk-HHDWKX3H.js[39m                    [2m | [22m[2m-[22m                        [2m | [22m [36m13.74 kB[39m[2m | [22m
[32mchunk-LPFQUIMX.js[39m                    [2m | [22m[2m-[22m                        [2m | [22m [36m13.27 kB[39m[2m | [22m
[32mchunk-ANC5U3W7.js[39m                    [2m | [22m[2m-[22m                        [2m | [22m [36m12.43 kB[39m[2m | [22m
[32mchunk-BRNYDUTI.js[39m                    [2m | [22m[2m-[22m                        [2m | [22m [36m11.34 kB[39m[2m | [22m
[32mchunk-4FKGZPMQ.js[39m                    [2m | [22m[2m-[22m                        [2m | [22m [36m11.31 kB[39m[2m | [22m
[32mchunk-NIYE7DDM.js[39m                    [2m | [22m[2m-[22m                        [2m | [22m [36m10.65 kB[39m[2m | [22m
[32mchunk-PSFEEHGR.js[39m                    [2m | [22m[2m-[22m                        [2m | [22m [36m10.27 kB[39m[2m | [22m
[32mchunk-ATIJSN7U.js[39m                    [2m | [22m[2m-[22m                        [2m | [22m  [36m7.48 kB[39m[2m | [22m
[32mchunk-K62UETIB.js[39m                    [2m | [22m[2m-[22m                        [2m | [22m  [36m7.12 kB[39m[2m | [22m
[32mchunk-JQCNQAXJ.js[39m                    [2m | [22m[2m-[22m                        [2m | [22m  [36m6.69 kB[39m[2m | [22m
[32mchunk-HW6OIV6P.js[39m                    [2m | [22m[2m-[22m                        [2m | [22m  [36m5.99 kB[39m[2m | [22m
[32mchunk-KQYWBRBI.js[39m                    [2m | [22m[2m-[22m                        [2m | [22m  [36m5.80 kB[39m[2m | [22m
[32mchunk-TDUGMXRH.js[39m                    [2m | [22m[2m-[22m                        [2m | [22m  [36m5.67 kB[39m[2m | [22m
[32mchunk-SG6QXBAP.js[39m                    [2m | [22m[2m-[22m                        [2m | [22m  [36m5.06 kB[39m[2m | [22m
[32mchunk-JGL7FCS7.js[39m                    [2m | [22m[2m-[22m                        [2m | [22m  [36m4.34 kB[39m[2m | [22m
[32mchunk-USHCIES2.js[39m                    [2m | [22m[2m-[22m                        [2m | [22m  [36m4.18 kB[39m[2m | [22m
[32mchunk-XAGTJ2WY.js[39m                    [2m | [22m[2m-[22m                        [2m | [22m  [36m4.17 kB[39m[2m | [22m
[32mchunk-MXVJFRA5.js[39m                    [2m | [22m[2m-[22m                        [2m | [22m  [36m4.09 kB[39m[2m | [22m
[32mchunk-DS36PB57.js[39m                    [2m | [22m[2m-[22m                        [2m | [22m  [36m3.28 kB[39m[2m | [22m
[32mchunk-QPHBZM3F.js[39m                    [2m | [22m[2m-[22m                        [2m | [22m  [36m3.21 kB[39m[2m | [22m
[32mchunk-RQXSH5T5.js[39m                    [2m | [22m[2m-[22m                        [2m | [22m  [36m3.06 kB[39m[2m | [22m
[32mchunk-W5YXXGGX.js[39m                    [2m | [22m[2m-[22m                        [2m | [22m  [36m3.06 kB[39m[2m | [22m
[32mchunk-A4Y3G3YT.js[39m                    [2m | [22m[2m-[22m                        [2m | [22m  [36m3.03 kB[39m[2m | [22m
[32mchunk-7WD63RVT.js[39m                    [2m | [22m[2m-[22m                        [2m | [22m  [36m2.70 kB[39m[2m | [22m
[32mchunk-MO7X3RDU.js[39m                    [2m | [22m[2m-[22m                        [2m | [22m  [36m2.56 kB[39m[2m | [22m
[32mchunk-K6IZVR5Y.js[39m                    [2m | [22m[2m-[22m                        [2m | [22m  [36m2.11 kB[39m[2m | [22m
[32mchunk-ALYAWXAU.js[39m                    [2m | [22m[2m-[22m                        [2m | [22m  [36m1.83 kB[39m[2m | [22m
[32mchunk-VDSN75PS.js[39m                    [2m | [22m[2m-[22m                        [2m | [22m  [36m1.74 kB[39m[2m | [22m
[32mchunk-URZEPLDT.js[39m                    [2m | [22m[2m-[22m                        [2m | [22m  [36m1.66 kB[39m[2m | [22m
[32mchunk-Y5RQAIA6.js[39m                    [2m | [22m[2m-[22m                        [2m | [22m  [36m1.50 kB[39m[2m | [22m
[32mchunk-SK5T7G3L.js[39m                    [2m | [22m[2m-[22m                        [2m | [22m  [36m1.46 kB[39m[2m | [22m
[32mchunk-VR77HQBU.js[39m                    [2m | [22m[2m-[22m                        [2m | [22m  [36m1.32 kB[39m[2m | [22m
[32mchunk-NODZ7BK6.js[39m                    [2m | [22m[2m-[22m                        [2m | [22m  [36m1.16 kB[39m[2m | [22m
[32mchunk-DI6EXKF7.js[39m                    [2m | [22m[2m-[22m                        [2m | [22m  [36m1.10 kB[39m[2m | [22m
[32mchunk-QBRQFUGP.js[39m                    [2m | [22m[2m-[22m                        [2m | [22m  [36m1.02 kB[39m[2m | [22m
[32mchunk-C43AJYUM.js[39m                    [2m | [22m[2m-[22m                        [2m | [22m[36m930 bytes[39m[2m | [22m
[32mchunk-LJ5UIWCF.js[39m                    [2m | [22m[2m-[22m                        [2m | [22m[36m876 bytes[39m[2m | [22m
[32mchunk-OWFA35KK.js[39m                    [2m | [22m[2m-[22m                        [2m | [22m[36m860 bytes[39m[2m | [22m

[1m [22m                                    [2m | [22m[1mInitial total[22m            [2m | [22m  [1m5.95 MB[22m

[1mLazy chunk files[22m                     [2m | [22m[1mNames[22m                    [2m | [22m [1mRaw size[22m
[32mtransaction.module-RBLCATJY.js[39m       [2m | [22m[2mtransaction-module[22m       [2m | [22m[36m435.31 kB[39m[2m | [22m
[32mrestaurant.module-XJ7OKH2E.js[39m        [2m | [22m[2mrestaurant-module[22m        [2m | [22m[36m433.01 kB[39m[2m | [22m
[32mpurchase.module-34VPPBYQ.js[39m          [2m | [22m[2mpurchase-module[22m          [2m | [22m[36m298.71 kB[39m[2m | [22m
[32maccounting.module-AOM7EYLF.js[39m        [2m | [22m[2maccounting-module[22m        [2m | [22m[36m274.87 kB[39m[2m | [22m
[32msales.module-R6P7ER7R.js[39m             [2m | [22m[2msales-module[22m             [2m | [22m[36m241.18 kB[39m[2m | [22m
[32mchunk-DLSY67JC.js[39m                    [2m | [22m[2m-[22m                        [2m | [22m[36m233.36 kB[39m[2m | [22m
[32mreports.module-FVIRD7IF.js[39m           [2m | [22m[2mreports-module[22m           [2m | [22m[36m221.28 kB[39m[2m | [22m
[32minventory.module-ZHC3HIJC.js[39m         [2m | [22m[2minventory-module[22m         [2m | [22m[36m179.81 kB[39m[2m | [22m
[32mchunk-QDNHAMFD.js[39m                    [2m | [22m[2m-[22m                        [2m | [22m[36m151.17 kB[39m[2m | [22m
[32mfinancialStatement.module-73MWIXYA.js[39m[2m | [22m[2mfinancialStatement-module[22m[2m | [22m[36m147.23 kB[39m[2m | [22m
[32mchunk-3B7FNWBT.js[39m                    [2m | [22m[2m-[22m                        [2m | [22m[36m138.71 kB[39m[2m | [22m
[32mchunk-2MJALVAV.js[39m                    [2m | [22m[2m-[22m                        [2m | [22m[36m104.80 kB[39m[2m | [22m
[32mtax-report.module-5XI2U445.js[39m        [2m | [22m[2mtax-report-module[22m        [2m | [22m [36m96.40 kB[39m[2m | [22m
[32mchunk-K5UCIEOD.js[39m                    [2m | [22m[2m-[22m                        [2m | [22m [36m80.37 kB[39m[2m | [22m
[32mchunk-MP4BKNDW.js[39m                    [2m | [22m[2m-[22m                        [2m | [22m [36m78.35 kB[39m[2m | [22m
[2m...and 157 more lazy chunks files. Use "--verbose" to show all the files.[22m

Application bundle generation complete. [16.927 seconds] - 2026-06-19T22:58:15.957Z

Page reload sent to client(s).
[33m>[39m Changes detected. Rebuilding...
[32m√[39m Changes detected. Rebuilding...
[1mInitial chunk files[22m          [2m | [22m[1mNames[22m            [2m | [22m [1mRaw size[22m
[32mmain.js[39m                      [2m | [22m[2mmain[22m             [2m | [22m [36m58.56 kB[39m[2m | [22m

[1mLazy chunk files[22m             [2m | [22m[1mNames[22m            [2m | [22m [1mRaw size[22m
[32mrestaurant.module-5JDJYFYR.js[39m[2m | [22m[2mrestaurant-module[22m[2m | [22m[36m434.77 kB[39m[2m | [22m
[32mmain.module-C22TTHU2.js[39m      [2m | [22m[2mmain-module[22m      [2m | [22m  [36m6.00 kB[39m[2m | [22m

Application bundle generation complete. [3.428 seconds] - 2026-06-19T23:12:02.732Z

Page reload sent to client(s).
[33m>[39m Changes detected. Rebuilding...
[32m√[39m Changes detected. Rebuilding...
[1mInitial chunk files[22m          [2m | [22m[1mNames[22m            [2m | [22m [1mRaw size[22m
[32mmain.js[39m                      [2m | [22m[2mmain[22m             [2m | [22m [36m58.56 kB[39m[2m | [22m

[1mLazy chunk files[22m             [2m | [22m[1mNames[22m            [2m | [22m [1mRaw size[22m
[32mrestaurant.module-PCXMWL2H.js[39m[2m | [22m[2mrestaurant-module[22m[2m | [22m[36m429.80 kB[39m[2m | [22m
[32mmain.module-BB423ZMM.js[39m      [2m | [22m[2mmain-module[22m      [2m | [22m  [36m6.00 kB[39m[2m | [22m

Application bundle generation complete. [2.806 seconds] - 2026-06-19T23:16:41.041Z

Page reload sent to client(s).
[33m>[39m Changes detected. Rebuilding...
[32m√[39m Changes detected. Rebuilding...
[1mInitial chunk files[22m          [2m | [22m[1mNames[22m            [2m | [22m [1mRaw size[22m
[32mmain.js[39m                      [2m | [22m[2mmain[22m             [2m | [22m [36m58.56 kB[39m[2m | [22m

[1mLazy chunk files[22m             [2m | [22m[1mNames[22m            [2m | [22m [1mRaw size[22m
[32mrestaurant.module-CPECXU5Q.js[39m[2m | [22m[2mrestaurant-module[22m[2m | [22m[36m430.35 kB[39m[2m | [22m
[32mmain.module-NVY3VAIN.js[39m      [2m | [22m[2mmain-module[22m      [2m | [22m  [36m6.00 kB[39m[2m | [22m

Application bundle generation complete. [2.660 seconds] - 2026-06-19T23:16:57.004Z

Page reload sent to client(s).
[33m>[39m Changes detected. Rebuilding...
[32m√[39m Changes detected. Rebuilding...
[1mInitial chunk files[22m          [2m | [22m[1mNames[22m            [2m | [22m [1mRaw size[22m
[32mmain.js[39m                      [2m | [22m[2mmain[22m             [2m | [22m [36m58.56 kB[39m[2m | [22m

[1mLazy chunk files[22m             [2m | [22m[1mNames[22m            [2m | [22m [1mRaw size[22m
[32mrestaurant.module-RL2CXZQ6.js[39m[2m | [22m[2mrestaurant-module[22m[2m | [22m[36m431.14 kB[39m[2m | [22m
[32mmain.module-PBI2XJYV.js[39m      [2m | [22m[2mmain-module[22m      [2m | [22m  [36m6.00 kB[39m[2m | [22m

Application bundle generation complete. [2.807 seconds] - 2026-06-19T23:17:03.757Z

Page reload sent to client(s).
[33m>[39m Changes detected. Rebuilding...
[32m√[39m Changes detected. Rebuilding...
[1mInitial chunk files[22m          [2m | [22m[1mNames[22m            [2m | [22m [1mRaw size[22m
[32mmain.js[39m                      [2m | [22m[2mmain[22m             [2m | [22m [36m58.56 kB[39m[2m | [22m

[1mLazy chunk files[22m             [2m | [22m[1mNames[22m            [2m | [22m [1mRaw size[22m
[32mrestaurant.module-M4RQK4PT.js[39m[2m | [22m[2mrestaurant-module[22m[2m | [22m[36m430.28 kB[39m[2m | [22m
[32mmain.module-ABUZIXS7.js[39m      [2m | [22m[2mmain-module[22m      [2m | [22m  [36m6.00 kB[39m[2m | [22m

Application bundle generation complete. [2.688 seconds] - 2026-06-19T23:17:11.814Z

Page reload sent to client(s).
[33m>[39m Changes detected. Rebuilding...
[32m√[39m Changes detected. Rebuilding...
[1mInitial chunk files[22m          [2m | [22m[1mNames[22m            [2m | [22m [1mRaw size[22m
[32mmain.js[39m                      [2m | [22m[2mmain[22m             [2m | [22m [36m58.56 kB[39m[2m | [22m

[1mLazy chunk files[22m             [2m | [22m[1mNames[22m            [2m | [22m [1mRaw size[22m
[32mrestaurant.module-GPN3O2FZ.js[39m[2m | [22m[2mrestaurant-module[22m[2m | [22m[36m429.73 kB[39m[2m | [22m
[32mmain.module-5LQBT4VM.js[39m      [2m | [22m[2mmain-module[22m      [2m | [22m  [36m6.00 kB[39m[2m | [22m

Application bundle generation complete. [1.680 seconds] - 2026-06-19T23:17:23.666Z

Page reload sent to client(s).
[33m>[39m Changes detected. Rebuilding...
[32m√[39m Changes detected. Rebuilding...
[1mInitial chunk files[22m          [2m | [22m[1mNames[22m            [2m | [22m [1mRaw size[22m
[32mmain.js[39m                      [2m | [22m[2mmain[22m             [2m | [22m [36m58.56 kB[39m[2m | [22m

[1mLazy chunk files[22m             [2m | [22m[1mNames[22m            [2m | [22m [1mRaw size[22m
[32mrestaurant.module-ZSUNBMVY.js[39m[2m | [22m[2mrestaurant-module[22m[2m | [22m[36m421.89 kB[39m[2m | [22m
[32mmain.module-ADB4ZMCZ.js[39m      [2m | [22m[2mmain-module[22m      [2m | [22m  [36m6.00 kB[39m[2m | [22m

Application bundle generation complete. [2.542 seconds] - 2026-06-19T23:17:47.288Z

Page reload sent to client(s).
[33m>[39m Changes detected. Rebuilding...
[32m√[39m Changes detected. Rebuilding...
[1mInitial chunk files[22m          [2m | [22m[1mNames[22m            [2m | [22m [1mRaw size[22m
[32mmain.js[39m                      [2m | [22m[2mmain[22m             [2m | [22m [36m58.56 kB[39m[2m | [22m

[1mLazy chunk files[22m             [2m | [22m[1mNames[22m            [2m | [22m [1mRaw size[22m
[32mrestaurant.module-A7EB4R4P.js[39m[2m | [22m[2mrestaurant-module[22m[2m | [22m[36m423.24 kB[39m[2m | [22m
[32mmain.module-CDQEIIJW.js[39m      [2m | [22m[2mmain-module[22m      [2m | [22m  [36m6.00 kB[39m[2m | [22m

Application bundle generation complete. [2.586 seconds] - 2026-06-19T23:17:55.736Z

Page reload sent to client(s).
[33m>[39m Changes detected. Rebuilding...
[32m√[39m Changes detected. Rebuilding...
[1mInitial chunk files[22m          [2m | [22m[1mNames[22m            [2m | [22m [1mRaw size[22m
[32mmain.js[39m                      [2m | [22m[2mmain[22m             [2m | [22m [36m58.56 kB[39m[2m | [22m

[1mLazy chunk files[22m             [2m | [22m[1mNames[22m            [2m | [22m [1mRaw size[22m
[32mrestaurant.module-U7FMPTMN.js[39m[2m | [22m[2mrestaurant-module[22m[2m | [22m[36m423.72 kB[39m[2m | [22m
[32mmain.module-WHKFDEO4.js[39m      [2m | [22m[2mmain-module[22m      [2m | [22m  [36m6.00 kB[39m[2m | [22m

Application bundle generation complete. [2.593 seconds] - 2026-06-19T23:18:14.326Z

Page reload sent to client(s).
[33m>[39m Changes detected. Rebuilding...
[32m√[39m Changes detected. Rebuilding...
[1mInitial chunk files[22m          [2m | [22m[1mNames[22m            [2m | [22m [1mRaw size[22m
[32mmain.js[39m                      [2m | [22m[2mmain[22m             [2m | [22m [36m58.56 kB[39m[2m | [22m

[1mLazy chunk files[22m             [2m | [22m[1mNames[22m            [2m | [22m [1mRaw size[22m
[32mrestaurant.module-3NXQM7ZU.js[39m[2m | [22m[2mrestaurant-module[22m[2m | [22m[36m424.38 kB[39m[2m | [22m
[32mmain.module-HVVQBP5J.js[39m      [2m | [22m[2mmain-module[22m      [2m | [22m  [36m6.00 kB[39m[2m | [22m

Application bundle generation complete. [1.733 seconds] - 2026-06-19T23:20:51.501Z

Page reload sent to client(s).
[33m>[39m Changes detected. Rebuilding...
[32m√[39m Changes detected. Rebuilding...
[1mInitial chunk files[22m          [2m | [22m[1mNames[22m            [2m | [22m [1mRaw size[22m
[32mmain.js[39m                      [2m | [22m[2mmain[22m             [2m | [22m [36m58.56 kB[39m[2m | [22m

[1mLazy chunk files[22m             [2m | [22m[1mNames[22m            [2m | [22m [1mRaw size[22m
[32mrestaurant.module-RYERYYE4.js[39m[2m | [22m[2mrestaurant-module[22m[2m | [22m[36m425.00 kB[39m[2m | [22m
[32mmain.module-JMPGUBWG.js[39m      [2m | [22m[2mmain-module[22m      [2m | [22m  [36m6.00 kB[39m[2m | [22m

Application bundle generation complete. [2.746 seconds] - 2026-06-19T23:21:08.804Z

Page reload sent to client(s).
[33m>[39m Changes detected. Rebuilding...
[32m√[39m Changes detected. Rebuilding...
[1mInitial chunk files[22m          [2m | [22m[1mNames[22m            [2m | [22m [1mRaw size[22m
[32mmain.js[39m                      [2m | [22m[2mmain[22m             [2m | [22m [36m58.56 kB[39m[2m | [22m

[1mLazy chunk files[22m             [2m | [22m[1mNames[22m            [2m | [22m [1mRaw size[22m
[32mrestaurant.module-ISPJVZK7.js[39m[2m | [22m[2mrestaurant-module[22m[2m | [22m[36m426.04 kB[39m[2m | [22m
[32mmain.module-U2OO6TH5.js[39m      [2m | [22m[2mmain-module[22m      [2m | [22m  [36m6.00 kB[39m[2m | [22m

Application bundle generation complete. [2.766 seconds] - 2026-06-19T23:21:21.383Z

Page reload sent to client(s).
[33m>[39m Changes detected. Rebuilding...
[32m√[39m Changes detected. Rebuilding...
[1mInitial chunk files[22m          [2m | [22m[1mNames[22m            [2m | [22m [1mRaw size[22m
[32mmain.js[39m                      [2m | [22m[2mmain[22m             [2m | [22m [36m58.56 kB[39m[2m | [22m

[1mLazy chunk files[22m             [2m | [22m[1mNames[22m            [2m | [22m [1mRaw size[22m
[32mrestaurant.module-DRRWUZL4.js[39m[2m | [22m[2mrestaurant-module[22m[2m | [22m[36m390.04 kB[39m[2m | [22m
[32mmain.module-HO4R2GON.js[39m      [2m | [22m[2mmain-module[22m      [2m | [22m  [36m6.00 kB[39m[2m | [22m

Application bundle generation complete. [2.693 seconds] - 2026-06-19T23:21:29.888Z

Page reload sent to client(s).
[33m>[39m Changes detected. Rebuilding...
[32m√[39m Changes detected. Rebuilding...
[1mInitial chunk files[22m                  [2m | [22m[1mNames[22m                    [2m | [22m [1mRaw size[22m
[32mchunk-Y7MZLIVA.js[39m                    [2m | [22m[2m-[22m                        [2m | [22m  [36m2.85 MB[39m[2m | [22m
[32mpolyfills.js[39m                         [2m | [22m[2mpolyfills[22m                [2m | [22m  [36m1.01 MB[39m[2m | [22m
[32mscripts.js[39m                           [2m | [22m[2mscripts[22m                  [2m | [22m[36m701.89 kB[39m[2m | [22m
[32mchunk-IROBCS7H.js[39m                    [2m | [22m[2m-[22m                        [2m | [22m[36m495.94 kB[39m[2m | [22m
[32mstyles.css[39m                           [2m | [22m[2mstyles[22m                   [2m | [22m[36m410.82 kB[39m[2m | [22m
[32mchunk-I6UMER7T.js[39m                    [2m | [22m[2m-[22m                        [2m | [22m [36m93.53 kB[39m[2m | [22m
[32mchunk-BJSMIH6W.js[39m                    [2m | [22m[2m-[22m                        [2m | [22m [36m67.42 kB[39m[2m | [22m
[32mmain.js[39m                              [2m | [22m[2mmain[22m                     [2m | [22m [36m58.56 kB[39m[2m | [22m
[32mchunk-DT56ZLRC.js[39m                    [2m | [22m[2m-[22m                        [2m | [22m [36m33.50 kB[39m[2m | [22m
[32mchunk-GA4RDGLJ.js[39m                    [2m | [22m[2m-[22m                        [2m | [22m [36m14.63 kB[39m[2m | [22m
[32mchunk-CWJJ2KOR.js[39m                    [2m | [22m[2m-[22m                        [2m | [22m [36m13.92 kB[39m[2m | [22m
[32mchunk-2HNSJ53M.js[39m                    [2m | [22m[2m-[22m                        [2m | [22m [36m13.79 kB[39m[2m | [22m
[32mchunk-HHDWKX3H.js[39m                    [2m | [22m[2m-[22m                        [2m | [22m [36m13.74 kB[39m[2m | [22m
[32mchunk-LPFQUIMX.js[39m                    [2m | [22m[2m-[22m                        [2m | [22m [36m13.27 kB[39m[2m | [22m
[32mchunk-ANC5U3W7.js[39m                    [2m | [22m[2m-[22m                        [2m | [22m [36m12.43 kB[39m[2m | [22m
[32mchunk-BRNYDUTI.js[39m                    [2m | [22m[2m-[22m                        [2m | [22m [36m11.34 kB[39m[2m | [22m
[32mchunk-4FKGZPMQ.js[39m                    [2m | [22m[2m-[22m                        [2m | [22m [36m11.31 kB[39m[2m | [22m
[32mchunk-NIYE7DDM.js[39m                    [2m | [22m[2m-[22m                        [2m | [22m [36m10.65 kB[39m[2m | [22m
[32mchunk-PSFEEHGR.js[39m                    [2m | [22m[2m-[22m                        [2m | [22m [36m10.27 kB[39m[2m | [22m
[32mchunk-ATIJSN7U.js[39m                    [2m | [22m[2m-[22m                        [2m | [22m  [36m7.48 kB[39m[2m | [22m
[32mchunk-K62UETIB.js[39m                    [2m | [22m[2m-[22m                        [2m | [22m  [36m7.12 kB[39m[2m | [22m
[32mchunk-JQCNQAXJ.js[39m                    [2m | [22m[2m-[22m                        [2m | [22m  [36m6.69 kB[39m[2m | [22m
[32mchunk-HW6OIV6P.js[39m                    [2m | [22m[2m-[22m                        [2m | [22m  [36m5.99 kB[39m[2m | [22m
[32mchunk-KQYWBRBI.js[39m                    [2m | [22m[2m-[22m                        [2m | [22m  [36m5.80 kB[39m[2m | [22m
[32mchunk-TDUGMXRH.js[39m                    [2m | [22m[2m-[22m                        [2m | [22m  [36m5.67 kB[39m[2m | [22m
[32mchunk-SG6QXBAP.js[39m                    [2m | [22m[2m-[22m                        [2m | [22m  [36m5.06 kB[39m[2m | [22m
[32mchunk-JGL7FCS7.js[39m                    [2m | [22m[2m-[22m                        [2m | [22m  [36m4.34 kB[39m[2m | [22m
[32mchunk-USHCIES2.js[39m                    [2m | [22m[2m-[22m                        [2m | [22m  [36m4.18 kB[39m[2m | [22m
[32mchunk-XAGTJ2WY.js[39m                    [2m | [22m[2m-[22m                        [2m | [22m  [36m4.17 kB[39m[2m | [22m
[32mchunk-MXVJFRA5.js[39m                    [2m | [22m[2m-[22m                        [2m | [22m  [36m4.09 kB[39m[2m | [22m
[32mchunk-DS36PB57.js[39m                    [2m | [22m[2m-[22m                        [2m | [22m  [36m3.28 kB[39m[2m | [22m
[32mchunk-QPHBZM3F.js[39m                    [2m | [22m[2m-[22m                        [2m | [22m  [36m3.21 kB[39m[2m | [22m
[32mchunk-RQXSH5T5.js[39m                    [2m | [22m[2m-[22m                        [2m | [22m  [36m3.06 kB[39m[2m | [22m
[32mchunk-W5YXXGGX.js[39m                    [2m | [22m[2m-[22m                        [2m | [22m  [36m3.06 kB[39m[2m | [22m
[32mchunk-A4Y3G3YT.js[39m                    [2m | [22m[2m-[22m                        [2m | [22m  [36m3.03 kB[39m[2m | [22m
[32mchunk-7WD63RVT.js[39m                    [2m | [22m[2m-[22m                        [2m | [22m  [36m2.70 kB[39m[2m | [22m
[32mchunk-MO7X3RDU.js[39m                    [2m | [22m[2m-[22m                        [2m | [22m  [36m2.56 kB[39m[2m | [22m
[32mchunk-K6IZVR5Y.js[39m                    [2m | [22m[2m-[22m                        [2m | [22m  [36m2.11 kB[39m[2m | [22m
[32mchunk-ALYAWXAU.js[39m                    [2m | [22m[2m-[22m                        [2m | [22m  [36m1.83 kB[39m[2m | [22m
[32mchunk-VDSN75PS.js[39m                    [2m | [22m[2m-[22m                        [2m | [22m  [36m1.74 kB[39m[2m | [22m
[32mchunk-URZEPLDT.js[39m                    [2m | [22m[2m-[22m                        [2m | [22m  [36m1.66 kB[39m[2m | [22m
[32mchunk-Y5RQAIA6.js[39m                    [2m | [22m[2m-[22m                        [2m | [22m  [36m1.50 kB[39m[2m | [22m
[32mchunk-SK5T7G3L.js[39m                    [2m | [22m[2m-[22m                        [2m | [22m  [36m1.46 kB[39m[2m | [22m
[32mchunk-VR77HQBU.js[39m                    [2m | [22m[2m-[22m                        [2m | [22m  [36m1.32 kB[39m[2m | [22m
[32mchunk-NODZ7BK6.js[39m                    [2m | [22m[2m-[22m                        [2m | [22m  [36m1.16 kB[39m[2m | [22m
[32mchunk-DI6EXKF7.js[39m                    [2m | [22m[2m-[22m                        [2m | [22m  [36m1.10 kB[39m[2m | [22m
[32mchunk-QBRQFUGP.js[39m                    [2m | [22m[2m-[22m                        [2m | [22m  [36m1.02 kB[39m[2m | [22m
[32mchunk-C43AJYUM.js[39m                    [2m | [22m[2m-[22m                        [2m | [22m[36m930 bytes[39m[2m | [22m
[32mchunk-LJ5UIWCF.js[39m                    [2m | [22m[2m-[22m                        [2m | [22m[36m876 bytes[39m[2m | [22m
[32mchunk-OWFA35KK.js[39m                    [2m | [22m[2m-[22m                        [2m | [22m[36m860 bytes[39m[2m | [22m

[1m [22m                                    [2m | [22m[1mInitial total[22m            [2m | [22m  [1m5.95 MB[22m

[1mLazy chunk files[22m                     [2m | [22m[1mNames[22m                    [2m | [22m [1mRaw size[22m
[32mtransaction.module-RBLCATJY.js[39m       [2m | [22m[2mtransaction-module[22m       [2m | [22m[36m435.31 kB[39m[2m | [22m
[32mrestaurant.module-DRRWUZL4.js[39m        [2m | [22m[2mrestaurant-module[22m        [2m | [22m[36m390.04 kB[39m[2m | [22m
[32mpurchase.module-34VPPBYQ.js[39m          [2m | [22m[2mpurchase-module[22m          [2m | [22m[36m298.71 kB[39m[2m | [22m
[32maccounting.module-AOM7EYLF.js[39m        [2m | [22m[2maccounting-module[22m        [2m | [22m[36m274.87 kB[39m[2m | [22m
[32msales.module-R6P7ER7R.js[39m             [2m | [22m[2msales-module[22m             [2m | [22m[36m241.18 kB[39m[2m | [22m
[32mchunk-DLSY67JC.js[39m                    [2m | [22m[2m-[22m                        [2m | [22m[36m233.36 kB[39m[2m | [22m
[32mreports.module-FVIRD7IF.js[39m           [2m | [22m[2mreports-module[22m           [2m | [22m[36m221.28 kB[39m[2m | [22m
[32minventory.module-ZHC3HIJC.js[39m         [2m | [22m[2minventory-module[22m         [2m | [22m[36m179.81 kB[39m[2m | [22m
[32mchunk-QDNHAMFD.js[39m                    [2m | [22m[2m-[22m                        [2m | [22m[36m151.17 kB[39m[2m | [22m
[32mfinancialStatement.module-73MWIXYA.js[39m[2m | [22m[2mfinancialStatement-module[22m[2m | [22m[36m147.23 kB[39m[2m | [22m
[32mchunk-3B7FNWBT.js[39m                    [2m | [22m[2m-[22m                        [2m | [22m[36m138.71 kB[39m[2m | [22m
[32mchunk-2MJALVAV.js[39m                    [2m | [22m[2m-[22m                        [2m | [22m[36m104.80 kB[39m[2m | [22m
[32mtax-report.module-5XI2U445.js[39m        [2m | [22m[2mtax-report-module[22m        [2m | [22m [36m96.40 kB[39m[2m | [22m
[32mchunk-K5UCIEOD.js[39m                    [2m | [22m[2m-[22m                        [2m | [22m [36m80.37 kB[39m[2m | [22m
[32mchunk-MP4BKNDW.js[39m                    [2m | [22m[2m-[22m                        [2m | [22m [36m78.35 kB[39m[2m | [22m
[2m...and 157 more lazy chunks files. Use "--verbose" to show all the files.[22m

Application bundle generation complete. [2.853 seconds] - 2026-06-19T23:21:38.108Z

[33m>[39m Changes detected. Rebuilding...
[32m√[39m Changes detected. Rebuilding...
[1mInitial chunk files[22m                  [2m | [22m[1mNames[22m                    [2m | [22m [1mRaw size[22m
[32mchunk-Y7MZLIVA.js[39m                    [2m | [22m[2m-[22m                        [2m | [22m  [36m2.85 MB[39m[2m | [22m
[32mpolyfills.js[39m                         [2m | [22m[2mpolyfills[22m                [2m | [22m  [36m1.01 MB[39m[2m | [22m
[32mscripts.js[39m                           [2m | [22m[2mscripts[22m                  [2m | [22m[36m701.89 kB[39m[2m | [22m
[32mchunk-IROBCS7H.js[39m                    [2m | [22m[2m-[22m                        [2m | [22m[36m495.94 kB[39m[2m | [22m
[32mstyles.css[39m                           [2m | [22m[2mstyles[22m                   [2m | [22m[36m410.82 kB[39m[2m | [22m
[32mchunk-I6UMER7T.js[39m                    [2m | [22m[2m-[22m                        [2m | [22m [36m93.53 kB[39m[2m | [22m
[32mchunk-BJSMIH6W.js[39m                    [2m | [22m[2m-[22m                        [2m | [22m [36m67.42 kB[39m[2m | [22m
[32mmain.js[39m                              [2m | [22m[2mmain[22m                     [2m | [22m [36m58.56 kB[39m[2m | [22m
[32mchunk-DT56ZLRC.js[39m                    [2m | [22m[2m-[22m                        [2m | [22m [36m33.50 kB[39m[2m | [22m
[32mchunk-GA4RDGLJ.js[39m                    [2m | [22m[2m-[22m                        [2m | [22m [36m14.63 kB[39m[2m | [22m
[32mchunk-CWJJ2KOR.js[39m                    [2m | [22m[2m-[22m                        [2m | [22m [36m13.92 kB[39m[2m | [22m
[32mchunk-2HNSJ53M.js[39m                    [2m | [22m[2m-[22m                        [2m | [22m [36m13.79 kB[39m[2m | [22m
[32mchunk-HHDWKX3H.js[39m                    [2m | [22m[2m-[22m                        [2m | [22m [36m13.74 kB[39m[2m | [22m
[32mchunk-LPFQUIMX.js[39m                    [2m | [22m[2m-[22m                        [2m | [22m [36m13.27 kB[39m[2m | [22m
[32mchunk-ANC5U3W7.js[39m                    [2m | [22m[2m-[22m                        [2m | [22m [36m12.43 kB[39m[2m | [22m
[32mchunk-BRNYDUTI.js[39m                    [2m | [22m[2m-[22m                        [2m | [22m [36m11.34 kB[39m[2m | [22m
[32mchunk-4FKGZPMQ.js[39m                    [2m | [22m[2m-[22m                        [2m | [22m [36m11.31 kB[39m[2m | [22m
[32mchunk-NIYE7DDM.js[39m                    [2m | [22m[2m-[22m                        [2m | [22m [36m10.65 kB[39m[2m | [22m
[32mchunk-PSFEEHGR.js[39m                    [2m | [22m[2m-[22m                        [2m | [22m [36m10.27 kB[39m[2m | [22m
[32mchunk-ATIJSN7U.js[39m                    [2m | [22m[2m-[22m                        [2m | [22m  [36m7.48 kB[39m[2m | [22m
[32mchunk-K62UETIB.js[39m                    [2m | [22m[2m-[22m                        [2m | [22m  [36m7.12 kB[39m[2m | [22m
[32mchunk-JQCNQAXJ.js[39m                    [2m | [22m[2m-[22m                        [2m | [22m  [36m6.69 kB[39m[2m | [22m
[32mchunk-HW6OIV6P.js[39m                    [2m | [22m[2m-[22m                        [2m | [22m  [36m5.99 kB[39m[2m | [22m
[32mchunk-KQYWBRBI.js[39m                    [2m | [22m[2m-[22m                        [2m | [22m  [36m5.80 kB[39m[2m | [22m
[32mchunk-TDUGMXRH.js[39m                    [2m | [22m[2m-[22m                        [2m | [22m  [36m5.67 kB[39m[2m | [22m
[32mchunk-SG6QXBAP.js[39m                    [2m | [22m[2m-[22m                        [2m | [22m  [36m5.06 kB[39m[2m | [22m
[32mchunk-JGL7FCS7.js[39m                    [2m | [22m[2m-[22m                        [2m | [22m  [36m4.34 kB[39m[2m | [22m
[32mchunk-USHCIES2.js[39m                    [2m | [22m[2m-[22m                        [2m | [22m  [36m4.18 kB[39m[2m | [22m
[32mchunk-XAGTJ2WY.js[39m                    [2m | [22m[2m-[22m                        [2m | [22m  [36m4.17 kB[39m[2m | [22m
[32mchunk-MXVJFRA5.js[39m                    [2m | [22m[2m-[22m                        [2m | [22m  [36m4.09 kB[39m[2m | [22m
[32mchunk-DS36PB57.js[39m                    [2m | [22m[2m-[22m                        [2m | [22m  [36m3.28 kB[39m[2m | [22m
[32mchunk-QPHBZM3F.js[39m                    [2m | [22m[2m-[22m                        [2m | [22m  [36m3.21 kB[39m[2m | [22m
[32mchunk-RQXSH5T5.js[39m                    [2m | [22m[2m-[22m                        [2m | [22m  [36m3.06 kB[39m[2m | [22m
[32mchunk-W5YXXGGX.js[39m                    [2m | [22m[2m-[22m                        [2m | [22m  [36m3.06 kB[39m[2m | [22m
[32mchunk-A4Y3G3YT.js[39m                    [2m | [22m[2m-[22m                        [2m | [22m  [36m3.03 kB[39m[2m | [22m
[32mchunk-7WD63RVT.js[39m                    [2m | [22m[2m-[22m                        [2m | [22m  [36m2.70 kB[39m[2m | [22m
[32mchunk-MO7X3RDU.js[39m                    [2m | [22m[2m-[22m                        [2m | [22m  [36m2.56 kB[39m[2m | [22m
[32mchunk-K6IZVR5Y.js[39m                    [2m | [22m[2m-[22m                        [2m | [22m  [36m2.11 kB[39m[2m | [22m
[32mchunk-ALYAWXAU.js[39m                    [2m | [22m[2m-[22m                        [2m | [22m  [36m1.83 kB[39m[2m | [22m
[32mchunk-VDSN75PS.js[39m                    [2m | [22m[2m-[22m                        [2m | [22m  [36m1.74 kB[39m[2m | [22m
[32mchunk-URZEPLDT.js[39m                    [2m | [22m[2m-[22m                        [2m | [22m  [36m1.66 kB[39m[2m | [22m
[32mchunk-Y5RQAIA6.js[39m                    [2m | [22m[2m-[22m                        [2m | [22m  [36m1.50 kB[39m[2m | [22m
[32mchunk-SK5T7G3L.js[39m                    [2m | [22m[2m-[22m                        [2m | [22m  [36m1.46 kB[39m[2m | [22m
[32mchunk-VR77HQBU.js[39m                    [2m | [22m[2m-[22m                        [2m | [22m  [36m1.32 kB[39m[2m | [22m
[32mchunk-NODZ7BK6.js[39m                    [2m | [22m[2m-[22m                        [2m | [22m  [36m1.16 kB[39m[2m | [22m
[32mchunk-DI6EXKF7.js[39m                    [2m | [22m[2m-[22m                        [2m | [22m  [36m1.10 kB[39m[2m | [22m
[32mchunk-QBRQFUGP.js[39m                    [2m | [22m[2m-[22m                        [2m | [22m  [36m1.02 kB[39m[2m | [22m
[32mchunk-C43AJYUM.js[39m                    [2m | [22m[2m-[22m                        [2m | [22m[36m930 bytes[39m[2m | [22m
[32mchunk-LJ5UIWCF.js[39m                    [2m | [22m[2m-[22m                        [2m | [22m[36m876 bytes[39m[2m | [22m
[32mchunk-OWFA35KK.js[39m                    [2m | [22m[2m-[22m                        [2m | [22m[36m860 bytes[39m[2m | [22m

[1m [22m                                    [2m | [22m[1mInitial total[22m            [2m | [22m  [1m5.95 MB[22m

[1mLazy chunk files[22m                     [2m | [22m[1mNames[22m                    [2m | [22m [1mRaw size[22m
[32mtransaction.module-RBLCATJY.js[39m       [2m | [22m[2mtransaction-module[22m       [2m | [22m[36m435.31 kB[39m[2m | [22m
[32mrestaurant.module-DRRWUZL4.js[39m        [2m | [22m[2mrestaurant-module[22m        [2m | [22m[36m390.04 kB[39m[2m | [22m
[32mpurchase.module-34VPPBYQ.js[39m          [2m | [22m[2mpurchase-module[22m          [2m | [22m[36m298.71 kB[39m[2m | [22m
[32maccounting.module-AOM7EYLF.js[39m        [2m | [22m[2maccounting-module[22m        [2m | [22m[36m274.87 kB[39m[2m | [22m
[32msales.module-R6P7ER7R.js[39m             [2m | [22m[2msales-module[22m             [2m | [22m[36m241.18 kB[39m[2m | [22m
[32mchunk-DLSY67JC.js[39m                    [2m | [22m[2m-[22m                        [2m | [22m[36m233.36 kB[39m[2m | [22m
[32mreports.module-FVIRD7IF.js[39m           [2m | [22m[2mreports-module[22m           [2m | [22m[36m221.28 kB[39m[2m | [22m
[32minventory.module-ZHC3HIJC.js[39m         [2m | [22m[2minventory-module[22m         [2m | [22m[36m179.81 kB[39m[2m | [22m
[32mchunk-QDNHAMFD.js[39m                    [2m | [22m[2m-[22m                        [2m | [22m[36m151.17 kB[39m[2m | [22m
[32mfinancialStatement.module-73MWIXYA.js[39m[2m | [22m[2mfinancialStatement-module[22m[2m | [22m[36m147.23 kB[39m[2m | [22m
[32mchunk-3B7FNWBT.js[39m                    [2m | [22m[2m-[22m                        [2m | [22m[36m138.71 kB[39m[2m | [22m
[32mchunk-2MJALVAV.js[39m                    [2m | [22m[2m-[22m                        [2m | [22m[36m104.80 kB[39m[2m | [22m
[32mtax-report.module-5XI2U445.js[39m        [2m | [22m[2mtax-report-module[22m        [2m | [22m [36m96.40 kB[39m[2m | [22m
[32mchunk-K5UCIEOD.js[39m                    [2m | [22m[2m-[22m                        [2m | [22m [36m80.37 kB[39m[2m | [22m
[32mchunk-MP4BKNDW.js[39m                    [2m | [22m[2m-[22m                        [2m | [22m [36m78.35 kB[39m[2m | [22m
[2m...and 157 more lazy chunks files. Use "--verbose" to show all the files.[22m

Application bundle generation complete. [2.315 seconds] - 2026-06-19T23:21:40.466Z

[33m>[39m Changes detected. Rebuilding...
[32m√[39m Changes detected. Rebuilding...
[1mInitial chunk files[22m          [2m | [22m[1mNames[22m            [2m | [22m [1mRaw size[22m
[32mmain.js[39m                      [2m | [22m[2mmain[22m             [2m | [22m [36m58.56 kB[39m[2m | [22m

[1mLazy chunk files[22m             [2m | [22m[1mNames[22m            [2m | [22m [1mRaw size[22m
[32mrestaurant.module-PP7WMZFT.js[39m[2m | [22m[2mrestaurant-module[22m[2m | [22m[36m395.00 kB[39m[2m | [22m
[32mmain.module-EE7LCCZW.js[39m      [2m | [22m[2mmain-module[22m      [2m | [22m  [36m6.00 kB[39m[2m | [22m

Application bundle generation complete. [2.529 seconds] - 2026-06-19T23:21:43.696Z

Page reload sent to client(s).
[33m>[39m Changes detected. Rebuilding...
[32m√[39m Changes detected. Rebuilding...
[1mInitial chunk files[22m          [2m | [22m[1mNames[22m            [2m | [22m [1mRaw size[22m
[32mmain.js[39m                      [2m | [22m[2mmain[22m             [2m | [22m [36m58.56 kB[39m[2m | [22m

[1mLazy chunk files[22m             [2m | [22m[1mNames[22m            [2m | [22m [1mRaw size[22m
[32mrestaurant.module-W7MDHJJ5.js[39m[2m | [22m[2mrestaurant-module[22m[2m | [22m[36m402.58 kB[39m[2m | [22m
[32mmain.module-RFOALI6E.js[39m      [2m | [22m[2mmain-module[22m      [2m | [22m  [36m6.00 kB[39m[2m | [22m

Application bundle generation complete. [2.417 seconds] - 2026-06-19T23:21:58.243Z

Page reload sent to client(s).
[33m>[39m Changes detected. Rebuilding...
[32m√[39m Changes detected. Rebuilding...
[1mInitial chunk files[22m          [2m | [22m[1mNames[22m            [2m | [22m [1mRaw size[22m
[32mmain.js[39m                      [2m | [22m[2mmain[22m             [2m | [22m [36m58.56 kB[39m[2m | [22m

[1mLazy chunk files[22m             [2m | [22m[1mNames[22m            [2m | [22m [1mRaw size[22m
[32mrestaurant.module-6E4GJEPR.js[39m[2m | [22m[2mrestaurant-module[22m[2m | [22m[36m396.59 kB[39m[2m | [22m
[32mmain.module-4EQZACR7.js[39m      [2m | [22m[2mmain-module[22m      [2m | [22m  [36m6.00 kB[39m[2m | [22m

Application bundle generation complete. [3.330 seconds] - 2026-06-19T23:22:20.144Z

Page reload sent to client(s).
[33m>[39m Changes detected. Rebuilding...
[32m√[39m Changes detected. Rebuilding...
[1mInitial chunk files[22m          [2m | [22m[1mNames[22m            [2m | [22m [1mRaw size[22m
[32mmain.js[39m                      [2m | [22m[2mmain[22m             [2m | [22m [36m58.56 kB[39m[2m | [22m

[1mLazy chunk files[22m             [2m | [22m[1mNames[22m            [2m | [22m [1mRaw size[22m
[32mrestaurant.module-5RXU2B5K.js[39m[2m | [22m[2mrestaurant-module[22m[2m | [22m[36m404.43 kB[39m[2m | [22m
[32mmain.module-ETPOW6L3.js[39m      [2m | [22m[2mmain-module[22m      [2m | [22m  [36m6.00 kB[39m[2m | [22m

Application bundle generation complete. [4.433 seconds] - 2026-06-19T23:22:38.602Z

Page reload sent to client(s).
[33m>[39m Changes detected. Rebuilding...
[32m√[39m Changes detected. Rebuilding...
[1mInitial chunk files[22m          [2m | [22m[1mNames[22m            [2m | [22m [1mRaw size[22m
[32mmain.js[39m                      [2m | [22m[2mmain[22m             [2m | [22m [36m58.56 kB[39m[2m | [22m

[1mLazy chunk files[22m             [2m | [22m[1mNames[22m            [2m | [22m [1mRaw size[22m
[32mrestaurant.module-2IUI4ZCT.js[39m[2m | [22m[2mrestaurant-module[22m[2m | [22m[36m404.56 kB[39m[2m | [22m
[32mmain.module-Q76AAPEJ.js[39m      [2m | [22m[2mmain-module[22m      [2m | [22m  [36m6.00 kB[39m[2m | [22m

Application bundle generation complete. [3.995 seconds] - 2026-06-19T23:22:44.833Z

Page reload sent to client(s).
[33m>[39m Changes detected. Rebuilding...
[32m√[39m Changes detected. Rebuilding...
[1mInitial chunk files[22m          [2m | [22m[1mNames[22m            [2m | [22m [1mRaw size[22m
[32mmain.js[39m                      [2m | [22m[2mmain[22m             [2m | [22m [36m58.56 kB[39m[2m | [22m

[1mLazy chunk files[22m             [2m | [22m[1mNames[22m            [2m | [22m [1mRaw size[22m
[32mrestaurant.module-3M7BR35H.js[39m[2m | [22m[2mrestaurant-module[22m[2m | [22m[36m385.36 kB[39m[2m | [22m
[32mmain.module-37TIAWQ3.js[39m      [2m | [22m[2mmain-module[22m      [2m | [22m  [36m6.00 kB[39m[2m | [22m

Application bundle generation complete. [1.985 seconds] - 2026-06-19T23:25:11.145Z

Page reload sent to client(s).
[33m>[39m Changes detected. Rebuilding...
[32m√[39m Changes detected. Rebuilding...
[1mInitial chunk files[22m          [2m | [22m[1mNames[22m            [2m | [22m [1mRaw size[22m
[32mmain.js[39m                      [2m | [22m[2mmain[22m             [2m | [22m [36m58.56 kB[39m[2m | [22m

[1mLazy chunk files[22m             [2m | [22m[1mNames[22m            [2m | [22m [1mRaw size[22m
[32mrestaurant.module-Y4QZJD6V.js[39m[2m | [22m[2mrestaurant-module[22m[2m | [22m[36m385.51 kB[39m[2m | [22m
[32mmain.module-AJUJ2O7Z.js[39m      [2m | [22m[2mmain-module[22m      [2m | [22m  [36m6.00 kB[39m[2m | [22m

Application bundle generation complete. [2.485 seconds] - 2026-06-19T23:25:40.236Z

Page reload sent to client(s).
[33m>[39m Changes detected. Rebuilding...
[32m√[39m Changes detected. Rebuilding...
Application bundle generation failed. [2.696 seconds] - 2026-06-19T23:25:50.339Z

[33m>[39m Changes detected. Rebuilding...
[32m√[39m Changes detected. Rebuilding...
Application bundle generation failed. [1.772 seconds] - 2026-06-19T23:26:20.504Z

[33m>[39m Changes detected. Rebuilding...
[32m√[39m Changes detected. Rebuilding...
Application bundle generation failed. [1.984 seconds] - 2026-06-19T23:26:23.081Z

[33m>[39m Changes detected. Rebuilding...
[32m√[39m Changes detected. Rebuilding...
Application bundle generation failed. [1.800 seconds] - 2026-06-19T23:26:24.949Z

[33m>[39m Changes detected. Rebuilding...
[32m√[39m Changes detected. Rebuilding...
Application bundle generation failed. [2.471 seconds] - 2026-06-19T23:27:17.603Z

[33m>[39m Changes detected. Rebuilding...
[32m√[39m Changes detected. Rebuilding...
Application bundle generation failed. [2.616 seconds] - 2026-06-19T23:27:25.745Z

[33m>[39m Changes detected. Rebuilding...
[32m√[39m Changes detected. Rebuilding...
Application bundle generation failed. [2.382 seconds] - 2026-06-19T23:27:38.478Z

[33m>[39m Changes detected. Rebuilding...
[32m√[39m Changes detected. Rebuilding...
Application bundle generation failed. [2.246 seconds] - 2026-06-19T23:27:43.535Z

[33m>[39m Changes detected. Rebuilding...
[32m√[39m Changes detected. Rebuilding...
Application bundle generation failed. [2.436 seconds] - 2026-06-19T23:28:06.648Z

[33m>[39m Changes detected. Rebuilding...
[32m√[39m Changes detected. Rebuilding...
Application bundle generation failed. [2.167 seconds] - 2026-06-19T23:28:12.935Z

[33m>[39m Changes detected. Rebuilding...
[32m√[39m Changes detected. Rebuilding...
[1mInitial chunk files[22m                  [2m | [22m[1mNames[22m                    [2m | [22m [1mRaw size[22m
[32mchunk-Y7MZLIVA.js[39m                    [2m | [22m[2m-[22m                        [2m | [22m  [36m2.85 MB[39m[2m | [22m
[32mpolyfills.js[39m                         [2m | [22m[2mpolyfills[22m                [2m | [22m  [36m1.01 MB[39m[2m | [22m
[32mscripts.js[39m                           [2m | [22m[2mscripts[22m                  [2m | [22m[36m701.89 kB[39m[2m | [22m
[32mchunk-IROBCS7H.js[39m                    [2m | [22m[2m-[22m                        [2m | [22m[36m495.94 kB[39m[2m | [22m
[32mstyles.css[39m                           [2m | [22m[2mstyles[22m                   [2m | [22m[36m410.82 kB[39m[2m | [22m
[32mchunk-I6UMER7T.js[39m                    [2m | [22m[2m-[22m                        [2m | [22m [36m93.53 kB[39m[2m | [22m
[32mchunk-BJSMIH6W.js[39m                    [2m | [22m[2m-[22m                        [2m | [22m [36m67.42 kB[39m[2m | [22m
[32mmain.js[39m                              [2m | [22m[2mmain[22m                     [2m | [22m [36m58.56 kB[39m[2m | [22m
[32mchunk-DT56ZLRC.js[39m                    [2m | [22m[2m-[22m                        [2m | [22m [36m33.50 kB[39m[2m | [22m
[32mchunk-GA4RDGLJ.js[39m                    [2m | [22m[2m-[22m                        [2m | [22m [36m14.63 kB[39m[2m | [22m
[32mchunk-CWJJ2KOR.js[39m                    [2m | [22m[2m-[22m                        [2m | [22m [36m13.92 kB[39m[2m | [22m
[32mchunk-2HNSJ53M.js[39m                    [2m | [22m[2m-[22m                        [2m | [22m [36m13.79 kB[39m[2m | [22m
[32mchunk-HHDWKX3H.js[39m                    [2m | [22m[2m-[22m                        [2m | [22m [36m13.74 kB[39m[2m | [22m
[32mchunk-LPFQUIMX.js[39m                    [2m | [22m[2m-[22m                        [2m | [22m [36m13.27 kB[39m[2m | [22m
[32mchunk-ANC5U3W7.js[39m                    [2m | [22m[2m-[22m                        [2m | [22m [36m12.43 kB[39m[2m | [22m
[32mchunk-BRNYDUTI.js[39m                    [2m | [22m[2m-[22m                        [2m | [22m [36m11.34 kB[39m[2m | [22m
[32mchunk-4FKGZPMQ.js[39m                    [2m | [22m[2m-[22m                        [2m | [22m [36m11.31 kB[39m[2m | [22m
[32mchunk-NIYE7DDM.js[39m                    [2m | [22m[2m-[22m                        [2m | [22m [36m10.65 kB[39m[2m | [22m
[32mchunk-PSFEEHGR.js[39m                    [2m | [22m[2m-[22m                        [2m | [22m [36m10.27 kB[39m[2m | [22m
[32mchunk-ATIJSN7U.js[39m                    [2m | [22m[2m-[22m                        [2m | [22m  [36m7.48 kB[39m[2m | [22m
[32mchunk-K62UETIB.js[39m                    [2m | [22m[2m-[22m                        [2m | [22m  [36m7.12 kB[39m[2m | [22m
[32mchunk-JQCNQAXJ.js[39m                    [2m | [22m[2m-[22m                        [2m | [22m  [36m6.69 kB[39m[2m | [22m
[32mchunk-HW6OIV6P.js[39m                    [2m | [22m[2m-[22m                        [2m | [22m  [36m5.99 kB[39m[2m | [22m
[32mchunk-KQYWBRBI.js[39m                    [2m | [22m[2m-[22m                        [2m | [22m  [36m5.80 kB[39m[2m | [22m
[32mchunk-TDUGMXRH.js[39m                    [2m | [22m[2m-[22m                        [2m | [22m  [36m5.67 kB[39m[2m | [22m
[32mchunk-SG6QXBAP.js[39m                    [2m | [22m[2m-[22m                        [2m | [22m  [36m5.06 kB[39m[2m | [22m
[32mchunk-JGL7FCS7.js[39m                    [2m | [22m[2m-[22m                        [2m | [22m  [36m4.34 kB[39m[2m | [22m
[32mchunk-USHCIES2.js[39m                    [2m | [22m[2m-[22m                        [2m | [22m  [36m4.18 kB[39m[2m | [22m
[32mchunk-XAGTJ2WY.js[39m                    [2m | [22m[2m-[22m                        [2m | [22m  [36m4.17 kB[39m[2m | [22m
[32mchunk-MXVJFRA5.js[39m                    [2m | [22m[2m-[22m                        [2m | [22m  [36m4.09 kB[39m[2m | [22m
[32mchunk-DS36PB57.js[39m                    [2m | [22m[2m-[22m                        [2m | [22m  [36m3.28 kB[39m[2m | [22m
[32mchunk-QPHBZM3F.js[39m                    [2m | [22m[2m-[22m                        [2m | [22m  [36m3.21 kB[39m[2m | [22m
[32mchunk-RQXSH5T5.js[39m                    [2m | [22m[2m-[22m                        [2m | [22m  [36m3.06 kB[39m[2m | [22m
[32mchunk-W5YXXGGX.js[39m                    [2m | [22m[2m-[22m                        [2m | [22m  [36m3.06 kB[39m[2m | [22m
[32mchunk-A4Y3G3YT.js[39m                    [2m | [22m[2m-[22m                        [2m | [22m  [36m3.03 kB[39m[2m | [22m
[32mchunk-7WD63RVT.js[39m                    [2m | [22m[2m-[22m                        [2m | [22m  [36m2.70 kB[39m[2m | [22m
[32mchunk-MO7X3RDU.js[39m                    [2m | [22m[2m-[22m                        [2m | [22m  [36m2.56 kB[39m[2m | [22m
[32mchunk-K6IZVR5Y.js[39m                    [2m | [22m[2m-[22m                        [2m | [22m  [36m2.11 kB[39m[2m | [22m
[32mchunk-ALYAWXAU.js[39m                    [2m | [22m[2m-[22m                        [2m | [22m  [36m1.83 kB[39m[2m | [22m
[32mchunk-VDSN75PS.js[39m                    [2m | [22m[2m-[22m                        [2m | [22m  [36m1.74 kB[39m[2m | [22m
[32mchunk-URZEPLDT.js[39m                    [2m | [22m[2m-[22m                        [2m | [22m  [36m1.66 kB[39m[2m | [22m
[32mchunk-Y5RQAIA6.js[39m                    [2m | [22m[2m-[22m                        [2m | [22m  [36m1.50 kB[39m[2m | [22m
[32mchunk-SK5T7G3L.js[39m                    [2m | [22m[2m-[22m                        [2m | [22m  [36m1.46 kB[39m[2m | [22m
[32mchunk-VR77HQBU.js[39m                    [2m | [22m[2m-[22m                        [2m | [22m  [36m1.32 kB[39m[2m | [22m
[32mchunk-NODZ7BK6.js[39m                    [2m | [22m[2m-[22m                        [2m | [22m  [36m1.16 kB[39m[2m | [22m
[32mchunk-DI6EXKF7.js[39m                    [2m | [22m[2m-[22m                        [2m | [22m  [36m1.10 kB[39m[2m | [22m
[32mchunk-QBRQFUGP.js[39m                    [2m | [22m[2m-[22m                        [2m | [22m  [36m1.02 kB[39m[2m | [22m
[32mchunk-C43AJYUM.js[39m                    [2m | [22m[2m-[22m                        [2m | [22m[36m930 bytes[39m[2m | [22m
[32mchunk-LJ5UIWCF.js[39m                    [2m | [22m[2m-[22m                        [2m | [22m[36m876 bytes[39m[2m | [22m
[32mchunk-OWFA35KK.js[39m                    [2m | [22m[2m-[22m                        [2m | [22m[36m860 bytes[39m[2m | [22m

[1m [22m                                    [2m | [22m[1mInitial total[22m            [2m | [22m  [1m5.95 MB[22m

[1mLazy chunk files[22m                     [2m | [22m[1mNames[22m                    [2m | [22m [1mRaw size[22m
[32mtransaction.module-RBLCATJY.js[39m       [2m | [22m[2mtransaction-module[22m       [2m | [22m[36m435.31 kB[39m[2m | [22m
[32mrestaurant.module-AZP6QG25.js[39m        [2m | [22m[2mrestaurant-module[22m        [2m | [22m[36m385.59 kB[39m[2m | [22m
[32mpurchase.module-34VPPBYQ.js[39m          [2m | [22m[2mpurchase-module[22m          [2m | [22m[36m298.71 kB[39m[2m | [22m
[32maccounting.module-AOM7EYLF.js[39m        [2m | [22m[2maccounting-module[22m        [2m | [22m[36m274.87 kB[39m[2m | [22m
[32msales.module-R6P7ER7R.js[39m             [2m | [22m[2msales-module[22m             [2m | [22m[36m241.18 kB[39m[2m | [22m
[32mchunk-DLSY67JC.js[39m                    [2m | [22m[2m-[22m                        [2m | [22m[36m233.36 kB[39m[2m | [22m
[32mreports.module-FVIRD7IF.js[39m           [2m | [22m[2mreports-module[22m           [2m | [22m[36m221.28 kB[39m[2m | [22m
[32minventory.module-64NKJ7KY.js[39m         [2m | [22m[2minventory-module[22m         [2m | [22m[36m185.16 kB[39m[2m | [22m
[32mchunk-QDNHAMFD.js[39m                    [2m | [22m[2m-[22m                        [2m | [22m[36m151.17 kB[39m[2m | [22m
[32mfinancialStatement.module-73MWIXYA.js[39m[2m | [22m[2mfinancialStatement-module[22m[2m | [22m[36m147.23 kB[39m[2m | [22m
[32mchunk-3B7FNWBT.js[39m                    [2m | [22m[2m-[22m                        [2m | [22m[36m138.71 kB[39m[2m | [22m
[32mchunk-2MJALVAV.js[39m                    [2m | [22m[2m-[22m                        [2m | [22m[36m104.80 kB[39m[2m | [22m
[32mtax-report.module-5XI2U445.js[39m        [2m | [22m[2mtax-report-module[22m        [2m | [22m [36m96.40 kB[39m[2m | [22m
[32mchunk-K5UCIEOD.js[39m                    [2m | [22m[2m-[22m                        [2m | [22m [36m80.37 kB[39m[2m | [22m
[32mchunk-MP4BKNDW.js[39m                    [2m | [22m[2m-[22m                        [2m | [22m [36m78.35 kB[39m[2m | [22m
[2m...and 157 more lazy chunks files. Use "--verbose" to show all the files.[22m

Application bundle generation complete. [2.872 seconds] - 2026-06-19T23:28:16.935Z

Page reload sent to client(s).
[33m>[39m Changes detected. Rebuilding...
[32m√[39m Changes detected. Rebuilding...
[1mInitial chunk files[22m         [2m | [22m[1mNames[22m           [2m | [22m [1mRaw size[22m
[32mmain.js[39m                     [2m | [22m[2mmain[22m            [2m | [22m [36m58.56 kB[39m[2m | [22m

[1mLazy chunk files[22m            [2m | [22m[1mNames[22m           [2m | [22m [1mRaw size[22m
[32minventory.module-XSEYLS2W.js[39m[2m | [22m[2minventory-module[22m[2m | [22m[36m185.38 kB[39m[2m | [22m
[32mmain.module-6YSQLZYT.js[39m     [2m | [22m[2mmain-module[22m     [2m | [22m  [36m6.00 kB[39m[2m | [22m

Application bundle generation complete. [2.749 seconds] - 2026-06-19T23:28:21.493Z

Page reload sent to client(s).
[33m>[39m Changes detected. Rebuilding...
[32m√[39m Changes detected. Rebuilding...
[1mInitial chunk files[22m          [2m | [22m[1mNames[22m            [2m | [22m [1mRaw size[22m
[32mmain.js[39m                      [2m | [22m[2mmain[22m             [2m | [22m [36m58.56 kB[39m[2m | [22m

[1mLazy chunk files[22m             [2m | [22m[1mNames[22m            [2m | [22m [1mRaw size[22m
[32mrestaurant.module-LOOZ5IT2.js[39m[2m | [22m[2mrestaurant-module[22m[2m | [22m[36m385.59 kB[39m[2m | [22m
[32mmain.module-ZQND4XR7.js[39m      [2m | [22m[2mmain-module[22m      [2m | [22m  [36m6.00 kB[39m[2m | [22m

Application bundle generation complete. [2.702 seconds] - 2026-06-19T23:28:25.649Z

Page reload sent to client(s).
[33m>[39m Changes detected. Rebuilding...
[32m√[39m Changes detected. Rebuilding...
[1mInitial chunk files[22m          [2m | [22m[1mNames[22m            [2m | [22m [1mRaw size[22m
[32mmain.js[39m                      [2m | [22m[2mmain[22m             [2m | [22m [36m58.56 kB[39m[2m | [22m

[1mLazy chunk files[22m             [2m | [22m[1mNames[22m            [2m | [22m [1mRaw size[22m
[32mrestaurant.module-4ZIZVU5N.js[39m[2m | [22m[2mrestaurant-module[22m[2m | [22m[36m385.60 kB[39m[2m | [22m
[32mmain.module-BIMHZHHM.js[39m      [2m | [22m[2mmain-module[22m      [2m | [22m  [36m6.00 kB[39m[2m | [22m

Application bundle generation complete. [3.032 seconds] - 2026-06-19T23:28:29.466Z

Page reload sent to client(s).
[33m>[39m Changes detected. Rebuilding...
[32m√[39m Changes detected. Rebuilding...
[1mInitial chunk files[22m          [2m | [22m[1mNames[22m            [2m | [22m [1mRaw size[22m
[32mmain.js[39m                      [2m | [22m[2mmain[22m             [2m | [22m [36m58.56 kB[39m[2m | [22m

[1mLazy chunk files[22m             [2m | [22m[1mNames[22m            [2m | [22m [1mRaw size[22m
[32mrestaurant.module-IDDQJNR7.js[39m[2m | [22m[2mrestaurant-module[22m[2m | [22m[36m385.62 kB[39m[2m | [22m
[32mmain.module-MYVJ4EUR.js[39m      [2m | [22m[2mmain-module[22m      [2m | [22m  [36m6.00 kB[39m[2m | [22m

Application bundle generation complete. [2.847 seconds] - 2026-06-19T23:28:33.051Z

Page reload sent to client(s).
[33m>[39m Changes detected. Rebuilding...
[32m√[39m Changes detected. Rebuilding...
[1mInitial chunk files[22m         [2m | [22m[1mNames[22m           [2m | [22m [1mRaw size[22m
[32mmain.js[39m                     [2m | [22m[2mmain[22m            [2m | [22m [36m58.56 kB[39m[2m | [22m

[1mLazy chunk files[22m            [2m | [22m[1mNames[22m           [2m | [22m [1mRaw size[22m
[32minventory.module-WVZ7MHCY.js[39m[2m | [22m[2minventory-module[22m[2m | [22m[36m187.65 kB[39m[2m | [22m
[32mmain.module-BVAIYZRR.js[39m     [2m | [22m[2mmain-module[22m     [2m | [22m  [36m6.00 kB[39m[2m | [22m

Application bundle generation complete. [2.643 seconds] - 2026-06-19T23:28:44.580Z

Page reload sent to client(s).
[33m>[39m Changes detected. Rebuilding...
[32m√[39m Changes detected. Rebuilding...
[1mInitial chunk files[22m         [2m | [22m[1mNames[22m           [2m | [22m [1mRaw size[22m
[32mmain.js[39m                     [2m | [22m[2mmain[22m            [2m | [22m [36m58.56 kB[39m[2m | [22m

[1mLazy chunk files[22m            [2m | [22m[1mNames[22m           [2m | [22m [1mRaw size[22m
[32minventory.module-7KG4BLHB.js[39m[2m | [22m[2minventory-module[22m[2m | [22m[36m187.70 kB[39m[2m | [22m
[32mmain.module-PD7QLTVZ.js[39m     [2m | [22m[2mmain-module[22m     [2m | [22m  [36m6.00 kB[39m[2m | [22m

Application bundle generation complete. [2.295 seconds] - 2026-06-19T23:28:53.993Z

Page reload sent to client(s).
[33m>[39m Changes detected. Rebuilding...
[32m√[39m Changes detected. Rebuilding...
[1mInitial chunk files[22m         [2m | [22m[1mNames[22m           [2m | [22m [1mRaw size[22m
[32mmain.js[39m                     [2m | [22m[2mmain[22m            [2m | [22m [36m58.56 kB[39m[2m | [22m

[1mLazy chunk files[22m            [2m | [22m[1mNames[22m           [2m | [22m [1mRaw size[22m
[32minventory.module-T43LPAKT.js[39m[2m | [22m[2minventory-module[22m[2m | [22m[36m189.98 kB[39m[2m | [22m
[32mmain.module-XOEXFIG6.js[39m     [2m | [22m[2mmain-module[22m     [2m | [22m  [36m6.00 kB[39m[2m | [22m

Application bundle generation complete. [2.622 seconds] - 2026-06-19T23:29:37.873Z

Page reload sent to client(s).
[33m>[39m Changes detected. Rebuilding...
[32m√[39m Changes detected. Rebuilding...
[1mInitial chunk files[22m         [2m | [22m[1mNames[22m           [2m | [22m [1mRaw size[22m
[32mmain.js[39m                     [2m | [22m[2mmain[22m            [2m | [22m [36m58.56 kB[39m[2m | [22m

[1mLazy chunk files[22m            [2m | [22m[1mNames[22m           [2m | [22m [1mRaw size[22m
[32minventory.module-NTVBACZV.js[39m[2m | [22m[2minventory-module[22m[2m | [22m[36m190.16 kB[39m[2m | [22m
[32mmain.module-JC4N6QKZ.js[39m     [2m | [22m[2mmain-module[22m     [2m | [22m  [36m6.00 kB[39m[2m | [22m

Application bundle generation complete. [2.509 seconds] - 2026-06-19T23:30:29.560Z

Page reload sent to client(s).
[33m>[39m Changes detected. Rebuilding...
[32m√[39m Changes detected. Rebuilding...
[1mInitial chunk files[22m          [2m | [22m[1mNames[22m            [2m | [22m [1mRaw size[22m
[32mmain.js[39m                      [2m | [22m[2mmain[22m             [2m | [22m [36m58.56 kB[39m[2m | [22m

[1mLazy chunk files[22m             [2m | [22m[1mNames[22m            [2m | [22m [1mRaw size[22m
[32mrestaurant.module-NXEHWZK5.js[39m[2m | [22m[2mrestaurant-module[22m[2m | [22m[36m385.81 kB[39m[2m | [22m
[32mmain.module-DYASS4IQ.js[39m      [2m | [22m[2mmain-module[22m      [2m | [22m  [36m6.00 kB[39m[2m | [22m

Application bundle generation complete. [2.650 seconds] - 2026-06-19T23:31:43.559Z

Page reload sent to client(s).
[33m>[39m Changes detected. Rebuilding...
[32m√[39m Changes detected. Rebuilding...
[1mInitial chunk files[22m         [2m | [22m[1mNames[22m           [2m | [22m [1mRaw size[22m
[32mmain.js[39m                     [2m | [22m[2mmain[22m            [2m | [22m [36m58.56 kB[39m[2m | [22m

[1mLazy chunk files[22m            [2m | [22m[1mNames[22m           [2m | [22m [1mRaw size[22m
[32minventory.module-6FT4RWTY.js[39m[2m | [22m[2minventory-module[22m[2m | [22m[36m192.65 kB[39m[2m | [22m
[32mmain.module-4NGZ75Y5.js[39m     [2m | [22m[2mmain-module[22m     [2m | [22m  [36m6.00 kB[39m[2m | [22m

Application bundle generation complete. [2.205 seconds] - 2026-06-19T23:32:29.179Z

Page reload sent to client(s).
[33m>[39m Changes detected. Rebuilding...
[32m√[39m Changes detected. Rebuilding...
[1mInitial chunk files[22m         [2m | [22m[1mNames[22m           [2m | [22m [1mRaw size[22m
[32mmain.js[39m                     [2m | [22m[2mmain[22m            [2m | [22m [36m58.56 kB[39m[2m | [22m

[1mLazy chunk files[22m            [2m | [22m[1mNames[22m           [2m | [22m [1mRaw size[22m
[32minventory.module-ZFIZYLDS.js[39m[2m | [22m[2minventory-module[22m[2m | [22m[36m193.62 kB[39m[2m | [22m
[32mmain.module-5B7QWSSH.js[39m     [2m | [22m[2mmain-module[22m     [2m | [22m  [36m6.00 kB[39m[2m | [22m

Application bundle generation complete. [2.219 seconds] - 2026-06-19T23:33:31.199Z

Page reload sent to client(s).
[33m>[39m Changes detected. Rebuilding...
[32m√[39m Changes detected. Rebuilding...
[1mInitial chunk files[22m         [2m | [22m[1mNames[22m           [2m | [22m [1mRaw size[22m
[32mmain.js[39m                     [2m | [22m[2mmain[22m            [2m | [22m [36m58.56 kB[39m[2m | [22m

[1mLazy chunk files[22m            [2m | [22m[1mNames[22m           [2m | [22m [1mRaw size[22m
[32minventory.module-VFRFK2RG.js[39m[2m | [22m[2minventory-module[22m[2m | [22m[36m193.63 kB[39m[2m | [22m
[32mmain.module-5UK7WZ52.js[39m     [2m | [22m[2mmain-module[22m     [2m | [22m  [36m6.00 kB[39m[2m | [22m

Application bundle generation complete. [1.442 seconds] - 2026-06-19T23:35:47.340Z

Page reload sent to client(s).
[33m>[39m Changes detected. Rebuilding...
[32m√[39m Changes detected. Rebuilding...
[1mInitial chunk files[22m          [2m | [22m[1mNames[22m            [2m | [22m [1mRaw size[22m
[32mmain.js[39m                      [2m | [22m[2mmain[22m             [2m | [22m [36m58.56 kB[39m[2m | [22m

[1mLazy chunk files[22m             [2m | [22m[1mNames[22m            [2m | [22m [1mRaw size[22m
[32mrestaurant.module-4B5GMTVH.js[39m[2m | [22m[2mrestaurant-module[22m[2m | [22m[36m384.44 kB[39m[2m | [22m
[32mmain.module-ZSE7V3RE.js[39m      [2m | [22m[2mmain-module[22m      [2m | [22m  [36m6.00 kB[39m[2m | [22m

Application bundle generation complete. [2.721 seconds] - 2026-06-19T23:36:01.059Z

Page reload sent to client(s).
[33m>[39m Changes detected. Rebuilding...
[32m√[39m Changes detected. Rebuilding...
[1mInitial chunk files[22m          [2m | [22m[1mNames[22m            [2m | [22m [1mRaw size[22m
[32mmain.js[39m                      [2m | [22m[2mmain[22m             [2m | [22m [36m58.56 kB[39m[2m | [22m

[1mLazy chunk files[22m             [2m | [22m[1mNames[22m            [2m | [22m [1mRaw size[22m
[32mrestaurant.module-7HKR5WG7.js[39m[2m | [22m[2mrestaurant-module[22m[2m | [22m[36m411.01 kB[39m[2m | [22m
[32mmain.module-2572LEJI.js[39m      [2m | [22m[2mmain-module[22m      [2m | [22m  [36m6.00 kB[39m[2m | [22m

Application bundle generation complete. [2.904 seconds] - 2026-06-19T23:36:38.851Z

Page reload sent to client(s).
[33m>[39m Changes detected. Rebuilding...
[32m√[39m Changes detected. Rebuilding...
[1mInitial chunk files[22m         [2m | [22m[1mNames[22m           [2m | [22m [1mRaw size[22m
[32mmain.js[39m                     [2m | [22m[2mmain[22m            [2m | [22m [36m58.56 kB[39m[2m | [22m

[1mLazy chunk files[22m            [2m | [22m[1mNames[22m           [2m | [22m [1mRaw size[22m
[32minventory.module-RPHJNA7P.js[39m[2m | [22m[2minventory-module[22m[2m | [22m[36m179.82 kB[39m[2m | [22m
[32mmain.module-NP5UP6QO.js[39m     [2m | [22m[2mmain-module[22m     [2m | [22m  [36m6.00 kB[39m[2m | [22m

Application bundle generation complete. [2.926 seconds] - 2026-06-19T23:41:53.003Z

Page reload sent to client(s).
[33m>[39m Changes detected. Rebuilding...
[32m√[39m Changes detected. Rebuilding...
[1mInitial chunk files[22m          [2m | [22m[1mNames[22m            [2m | [22m [1mRaw size[22m
[32mmain.js[39m                      [2m | [22m[2mmain[22m             [2m | [22m [36m58.56 kB[39m[2m | [22m

[1mLazy chunk files[22m             [2m | [22m[1mNames[22m            [2m | [22m [1mRaw size[22m
[32mrestaurant.module-XEUDWPJI.js[39m[2m | [22m[2mrestaurant-module[22m[2m | [22m[36m411.00 kB[39m[2m | [22m
[32mmain.module-XHREY35R.js[39m      [2m | [22m[2mmain-module[22m      [2m | [22m  [36m6.00 kB[39m[2m | [22m

Application bundle generation complete. [2.662 seconds] - 2026-06-19T23:43:56.493Z

Page reload sent to client(s).
[33m>[39m Changes detected. Rebuilding...
[32m√[39m Changes detected. Rebuilding...
Application bundle generation failed. [2.196 seconds] - 2026-06-19T23:46:12.422Z

[33m>[39m Changes detected. Rebuilding...
[32m√[39m Changes detected. Rebuilding...
Application bundle generation failed. [1.840 seconds] - 2026-06-19T23:46:18.999Z

[33m>[39m Changes detected. Rebuilding...
[32m√[39m Changes detected. Rebuilding...
Application bundle generation failed. [1.134 seconds] - 2026-06-19T23:53:33.267Z

[33m>[39m Changes detected. Rebuilding...
[32m√[39m Changes detected. Rebuilding...
Application bundle generation failed. [1.179 seconds] - 2026-06-19T23:54:08.282Z

[33m>[39m Changes detected. Rebuilding...
[32m√[39m Changes detected. Rebuilding...
Application bundle generation failed. [1.106 seconds] - 2026-06-19T23:55:19.716Z

[33m>[39m Changes detected. Rebuilding...
[32m√[39m Changes detected. Rebuilding...
[1mInitial chunk files[22m                  [2m | [22m[1mNames[22m                    [2m | [22m [1mRaw size[22m
[32mchunk-Y7MZLIVA.js[39m                    [2m | [22m[2m-[22m                        [2m | [22m  [36m2.85 MB[39m[2m | [22m
[32mpolyfills.js[39m                         [2m | [22m[2mpolyfills[22m                [2m | [22m  [36m1.01 MB[39m[2m | [22m
[32mscripts.js[39m                           [2m | [22m[2mscripts[22m                  [2m | [22m[36m701.89 kB[39m[2m | [22m
[32mchunk-IROBCS7H.js[39m                    [2m | [22m[2m-[22m                        [2m | [22m[36m495.94 kB[39m[2m | [22m
[32mstyles.css[39m                           [2m | [22m[2mstyles[22m                   [2m | [22m[36m410.82 kB[39m[2m | [22m
[32mchunk-I6UMER7T.js[39m                    [2m | [22m[2m-[22m                        [2m | [22m [36m93.53 kB[39m[2m | [22m
[32mchunk-BJSMIH6W.js[39m                    [2m | [22m[2m-[22m                        [2m | [22m [36m67.42 kB[39m[2m | [22m
[32mmain.js[39m                              [2m | [22m[2mmain[22m                     [2m | [22m [36m58.56 kB[39m[2m | [22m
[32mchunk-DT56ZLRC.js[39m                    [2m | [22m[2m-[22m                        [2m | [22m [36m33.50 kB[39m[2m | [22m
[32mchunk-GA4RDGLJ.js[39m                    [2m | [22m[2m-[22m                        [2m | [22m [36m14.63 kB[39m[2m | [22m
[32mchunk-CWJJ2KOR.js[39m                    [2m | [22m[2m-[22m                        [2m | [22m [36m13.92 kB[39m[2m | [22m
[32mchunk-2HNSJ53M.js[39m                    [2m | [22m[2m-[22m                        [2m | [22m [36m13.79 kB[39m[2m | [22m
[32mchunk-HHDWKX3H.js[39m                    [2m | [22m[2m-[22m                        [2m | [22m [36m13.74 kB[39m[2m | [22m
[32mchunk-LPFQUIMX.js[39m                    [2m | [22m[2m-[22m                        [2m | [22m [36m13.27 kB[39m[2m | [22m
[32mchunk-ANC5U3W7.js[39m                    [2m | [22m[2m-[22m                        [2m | [22m [36m12.43 kB[39m[2m | [22m
[32mchunk-BRNYDUTI.js[39m                    [2m | [22m[2m-[22m                        [2m | [22m [36m11.34 kB[39m[2m | [22m
[32mchunk-4FKGZPMQ.js[39m                    [2m | [22m[2m-[22m                        [2m | [22m [36m11.31 kB[39m[2m | [22m
[32mchunk-NIYE7DDM.js[39m                    [2m | [22m[2m-[22m                        [2m | [22m [36m10.65 kB[39m[2m | [22m
[32mchunk-PSFEEHGR.js[39m                    [2m | [22m[2m-[22m                        [2m | [22m [36m10.27 kB[39m[2m | [22m
[32mchunk-ATIJSN7U.js[39m                    [2m | [22m[2m-[22m                        [2m | [22m  [36m7.48 kB[39m[2m | [22m
[32mchunk-K62UETIB.js[39m                    [2m | [22m[2m-[22m                        [2m | [22m  [36m7.12 kB[39m[2m | [22m
[32mchunk-JQCNQAXJ.js[39m                    [2m | [22m[2m-[22m                        [2m | [22m  [36m6.69 kB[39m[2m | [22m
[32mchunk-HW6OIV6P.js[39m                    [2m | [22m[2m-[22m                        [2m | [22m  [36m5.99 kB[39m[2m | [22m
[32mchunk-KQYWBRBI.js[39m                    [2m | [22m[2m-[22m                        [2m | [22m  [36m5.80 kB[39m[2m | [22m
[32mchunk-TDUGMXRH.js[39m                    [2m | [22m[2m-[22m                        [2m | [22m  [36m5.67 kB[39m[2m | [22m
[32mchunk-SG6QXBAP.js[39m                    [2m | [22m[2m-[22m                        [2m | [22m  [36m5.06 kB[39m[2m | [22m
[32mchunk-JGL7FCS7.js[39m                    [2m | [22m[2m-[22m                        [2m | [22m  [36m4.34 kB[39m[2m | [22m
[32mchunk-USHCIES2.js[39m                    [2m | [22m[2m-[22m                        [2m | [22m  [36m4.18 kB[39m[2m | [22m
[32mchunk-XAGTJ2WY.js[39m                    [2m | [22m[2m-[22m                        [2m | [22m  [36m4.17 kB[39m[2m | [22m
[32mchunk-MXVJFRA5.js[39m                    [2m | [22m[2m-[22m                        [2m | [22m  [36m4.09 kB[39m[2m | [22m
[32mchunk-DS36PB57.js[39m                    [2m | [22m[2m-[22m                        [2m | [22m  [36m3.28 kB[39m[2m | [22m
[32mchunk-QPHBZM3F.js[39m                    [2m | [22m[2m-[22m                        [2m | [22m  [36m3.21 kB[39m[2m | [22m
[32mchunk-RQXSH5T5.js[39m                    [2m | [22m[2m-[22m                        [2m | [22m  [36m3.06 kB[39m[2m | [22m
[32mchunk-W5YXXGGX.js[39m                    [2m | [22m[2m-[22m                        [2m | [22m  [36m3.06 kB[39m[2m | [22m
[32mchunk-A4Y3G3YT.js[39m                    [2m | [22m[2m-[22m                        [2m | [22m  [36m3.03 kB[39m[2m | [22m
[32mchunk-7WD63RVT.js[39m                    [2m | [22m[2m-[22m                        [2m | [22m  [36m2.70 kB[39m[2m | [22m
[32mchunk-MO7X3RDU.js[39m                    [2m | [22m[2m-[22m                        [2m | [22m  [36m2.56 kB[39m[2m | [22m
[32mchunk-K6IZVR5Y.js[39m                    [2m | [22m[2m-[22m                        [2m | [22m  [36m2.11 kB[39m[2m | [22m
[32mchunk-ALYAWXAU.js[39m                    [2m | [22m[2m-[22m                        [2m | [22m  [36m1.83 kB[39m[2m | [22m
[32mchunk-VDSN75PS.js[39m                    [2m | [22m[2m-[22m                        [2m | [22m  [36m1.74 kB[39m[2m | [22m
[32mchunk-URZEPLDT.js[39m                    [2m | [22m[2m-[22m                        [2m | [22m  [36m1.66 kB[39m[2m | [22m
[32mchunk-Y5RQAIA6.js[39m                    [2m | [22m[2m-[22m                        [2m | [22m  [36m1.50 kB[39m[2m | [22m
[32mchunk-SK5T7G3L.js[39m                    [2m | [22m[2m-[22m                        [2m | [22m  [36m1.46 kB[39m[2m | [22m
[32mchunk-VR77HQBU.js[39m                    [2m | [22m[2m-[22m                        [2m | [22m  [36m1.32 kB[39m[2m | [22m
[32mchunk-NODZ7BK6.js[39m                    [2m | [22m[2m-[22m                        [2m | [22m  [36m1.16 kB[39m[2m | [22m
[32mchunk-DI6EXKF7.js[39m                    [2m | [22m[2m-[22m                        [2m | [22m  [36m1.10 kB[39m[2m | [22m
[32mchunk-QBRQFUGP.js[39m                    [2m | [22m[2m-[22m                        [2m | [22m  [36m1.02 kB[39m[2m | [22m
[32mchunk-C43AJYUM.js[39m                    [2m | [22m[2m-[22m                        [2m | [22m[36m930 bytes[39m[2m | [22m
[32mchunk-LJ5UIWCF.js[39m                    [2m | [22m[2m-[22m                        [2m | [22m[36m876 bytes[39m[2m | [22m
[32mchunk-OWFA35KK.js[39m                    [2m | [22m[2m-[22m                        [2m | [22m[36m860 bytes[39m[2m | [22m

[1m [22m                                    [2m | [22m[1mInitial total[22m            [2m | [22m  [1m5.95 MB[22m

[1mLazy chunk files[22m                     [2m | [22m[1mNames[22m                    [2m | [22m [1mRaw size[22m
[32mtransaction.module-RBLCATJY.js[39m       [2m | [22m[2mtransaction-module[22m       [2m | [22m[36m435.31 kB[39m[2m | [22m
[32mrestaurant.module-FLFJLOU3.js[39m        [2m | [22m[2mrestaurant-module[22m        [2m | [22m[36m412.74 kB[39m[2m | [22m
[32mpurchase.module-34VPPBYQ.js[39m          [2m | [22m[2mpurchase-module[22m          [2m | [22m[36m298.71 kB[39m[2m | [22m
[32maccounting.module-AOM7EYLF.js[39m        [2m | [22m[2maccounting-module[22m        [2m | [22m[36m274.87 kB[39m[2m | [22m
[32msales.module-R6P7ER7R.js[39m             [2m | [22m[2msales-module[22m             [2m | [22m[36m241.18 kB[39m[2m | [22m
[32mchunk-DLSY67JC.js[39m                    [2m | [22m[2m-[22m                        [2m | [22m[36m233.36 kB[39m[2m | [22m
[32mreports.module-FVIRD7IF.js[39m           [2m | [22m[2mreports-module[22m           [2m | [22m[36m221.28 kB[39m[2m | [22m
[32minventory.module-RPHJNA7P.js[39m         [2m | [22m[2minventory-module[22m         [2m | [22m[36m179.82 kB[39m[2m | [22m
[32mchunk-QDNHAMFD.js[39m                    [2m | [22m[2m-[22m                        [2m | [22m[36m151.17 kB[39m[2m | [22m
[32mfinancialStatement.module-73MWIXYA.js[39m[2m | [22m[2mfinancialStatement-module[22m[2m | [22m[36m147.23 kB[39m[2m | [22m
[32mchunk-3B7FNWBT.js[39m                    [2m | [22m[2m-[22m                        [2m | [22m[36m138.71 kB[39m[2m | [22m
[32mchunk-2MJALVAV.js[39m                    [2m | [22m[2m-[22m                        [2m | [22m[36m104.80 kB[39m[2m | [22m
[32mtax-report.module-5XI2U445.js[39m        [2m | [22m[2mtax-report-module[22m        [2m | [22m [36m96.40 kB[39m[2m | [22m
[32mchunk-K5UCIEOD.js[39m                    [2m | [22m[2m-[22m                        [2m | [22m [36m80.37 kB[39m[2m | [22m
[32mchunk-MP4BKNDW.js[39m                    [2m | [22m[2m-[22m                        [2m | [22m [36m78.35 kB[39m[2m | [22m
[2m...and 157 more lazy chunks files. Use "--verbose" to show all the files.[22m

Application bundle generation complete. [1.320 seconds] - 2026-06-19T23:55:44.977Z

Page reload sent to client(s).
